formula,horizon,validator_variant,max_holding_days,transaction_cost_bps,tail,symbol,reason,trade_count,mean_pnl_pct,total_pnl_cash,mean_holding_days
ma_gap_5_20,5,max_holding_5,5.0,5.0,left_tail,159915,max_holding,2,-0.05368144513414855,-0.043313602950324895,5.0
ma_gap_5_20,5,max_holding_5,5.0,5.0,left_tail,159915,signal_nonpositive,1,-0.06557367703980707,-0.028855640071049956,3.0
ma_gap_5_20,5,max_holding_5,5.0,5.0,left_tail,159915,stop_loss,4,-0.0673752230021256,-0.09626350900105429,3.25
ma_gap_5_20,5,max_holding_5,5.0,5.0,left_tail,159928,max_holding,1,-0.04746463977313687,-0.015719622215964898,5.0
ma_gap_5_20,5,max_holding_5,5.0,5.0,left_tail,159928,signal_nonpositive,1,-0.06933503932073055,-0.02553452682806075,5.0
ma_gap_5_20,5,max_holding_5,5.0,5.0,left_tail,159928,stop_loss,7,-0.05892107185308221,-0.15813556957734332,3.5714285714285716
ma_gap_5_20,5,max_holding_5,5.0,5.0,left_tail,510050,signal_nonpositive,1,-0.09684456664656592,-0.036476889009974936,5.0
ma_gap_5_20,5,max_holding_5,5.0,5.0,left_tail,510050,stop_loss,1,-0.0552438712770311,-0.01935987018155682,2.0
ma_gap_5_20,5,max_holding_5,5.0,5.0,left_tail,510300,stop_loss,1,-0.05696591480170273,-0.02023654072660154,4.0
ma_gap_5_20,5,max_holding_5,5.0,5.0,left_tail,510500,stop_loss,1,-0.06449529472551854,-0.020695215913550283,5.0
ma_gap_5_20,5,max_holding_5,5.0,5.0,left_tail,510880,signal_nonpositive,1,-0.05762301035716954,-0.022921886967846253,2.0
ma_gap_5_20,5,max_holding_5,5.0,5.0,left_tail,510880,stop_loss,5,-0.07243406682773329,-0.14890111470581774,2.8
ma_gap_5_20,5,max_holding_5,5.0,5.0,left_tail,512010,max_holding,2,-0.06468578210894546,-0.0479068969389423,5.0
ma_gap_5_20,5,max_holding_5,5.0,5.0,left_tail,512010,rank_exit,1,-0.07461006338935779,-0.031245324488126995,5.0
ma_gap_5_20,5,max_holding_5,5.0,5.0,left_tail,512010,signal_nonpositive,2,-0.0647320902716461,-0.042676204880569515,3.0
ma_gap_5_20,5,max_holding_5,5.0,5.0,left_tail,512010,stop_loss,3,-0.07765504811124489,-0.0817497777747807,2.3333333333333335
ma_gap_5_20,5,max_holding_5,5.0,5.0,left_tail,512100,max_holding,1,-0.05499952726339541,-0.021399985777368295,5.0
ma_gap_5_20,5,max_holding_5,5.0,5.0,left_tail,512100,signal_nonpositive,2,-0.1086677652310026,-0.082952481132613,3.5
ma_gap_5_20,5,max_holding_5,5.0,5.0,left_tail,512100,stop_loss,5,-0.06867158838596546,-0.13010416684670362,3.4
ma_gap_5_20,5,max_holding_5,5.0,5.0,left_tail,512400,max_holding,3,-0.049665873993867383,-0.051381274420199685,5.0
ma_gap_5_20,5,max_holding_5,5.0,5.0,left_tail,512400,rank_exit,1,-0.08518493562207669,-0.02965105756451925,3.0
ma_gap_5_20,5,max_holding_5,5.0,5.0,left_tail,512400,signal_nonpositive,2,-0.0838358770925097,-0.05873149081708462,3.5
ma_gap_5_20,5,max_holding_5,5.0,5.0,left_tail,512400,stop_loss,9,-0.07377157744347837,-0.2734843102769593,3.3333333333333335
ma_gap_5_20,5,max_holding_5,5.0,5.0,left_tail,512660,rank_exit,1,-0.05776089228113222,-0.022458334331412543,3.0
ma_gap_5_20,5,max_holding_5,5.0,5.0,left_tail,512660,signal_nonpositive,1,-0.05223029510885569,-0.017215538627757532,4.0
ma_gap_5_20,5,max_holding_5,5.0,5.0,left_tail,512660,stop_loss,7,-0.06769359090015904,-0.215571415759814,2.5714285714285716
ma_gap_5_20,5,max_holding_5,5.0,5.0,left_tail,512760,rank_exit,1,-0.05388776200135209,-0.026094321061246217,3.0
ma_gap_5_20,5,max_holding_5,5.0,5.0,left_tail,512760,signal_nonpositive,1,-0.06343703148425785,-0.021261074170982663,2.0
ma_gap_5_20,5,max_holding_5,5.0,5.0,left_tail,512760,stop_loss,14,-0.06504355236486258,-0.3437266675220406,3.0714285714285716
ma_gap_5_20,5,max_holding_5,5.0,5.0,left_tail,512800,signal_nonpositive,1,-0.05413782470466896,-0.018135127045256272,4.0
ma_gap_5_20,5,max_holding_5,5.0,5.0,left_tail,512800,stop_loss,2,-0.0818412636424236,-0.05750188559917464,2.5
ma_gap_5_20,5,max_holding_5,5.0,5.0,left_tail,512880,max_holding,1,-0.058634144466228395,-0.021178634967306077,5.0
ma_gap_5_20,5,max_holding_5,5.0,5.0,left_tail,512880,signal_nonpositive,2,-0.06384736929817902,-0.043613718326418874,4.0
ma_gap_5_20,5,max_holding_5,5.0,5.0,left_tail,512880,stop_loss,3,-0.06443795579137988,-0.06960409517629149,2.3333333333333335
ma_gap_5_20,5,max_holding_5,5.0,5.0,left_tail,515030,rank_exit,5,-0.056177342398785204,-0.131758431832215,3.8
ma_gap_5_20,5,max_holding_5,5.0,5.0,left_tail,515030,signal_nonpositive,1,-0.05385666954882343,-0.01805384197241961,4.0
ma_gap_5_20,5,max_holding_5,5.0,5.0,left_tail,515030,stop_loss,4,-0.06393086073426082,-0.115892519882796,1.75
ma_gap_5_20,5,max_holding_5,5.0,5.0,left_tail,515220,rank_exit,3,-0.07254668920335137,-0.08400168037632953,4.333333333333333
ma_gap_5_20,5,max_holding_5,5.0,5.0,left_tail,515220,signal_nonpositive,6,-0.06455089233682652,-0.1467357298966673,3.8333333333333335
ma_gap_5_20,5,max_holding_5,5.0,5.0,left_tail,515220,stop_loss,6,-0.07164168666151748,-0.19764649293463268,2.6666666666666665
ma_gap_5_20,5,max_holding_5,5.0,5.0,left_tail,515790,signal_nonpositive,2,-0.06511118067339952,-0.05018908623632777,5.0
ma_gap_5_20,5,max_holding_5,5.0,5.0,left_tail,515790,stop_loss,8,-0.06238314002741153,-0.2025277338040866,3.5
ma_gap_5_20,5,max_holding_5,5.0,5.0,left_tail,588000,stop_loss,6,-0.08011586609205835,-0.1676901675663525,2.8333333333333335
ma_gap_5_20,5,max_holding_5,5.0,5.0,right_tail,159915,max_holding,5,0.06653157663549988,0.10948964210541963,5.0
ma_gap_5_20,5,max_holding_5,5.0,5.0,right_tail,159915,rank_exit,1,0.050231294609105796,0.019155470623249404,3.0
ma_gap_5_20,5,max_holding_5,5.0,5.0,right_tail,159915,signal_nonpositive,1,0.05359069099330111,0.018961822142535723,2.0
ma_gap_5_20,5,max_holding_5,5.0,5.0,right_tail,159928,max_holding,6,0.06791722467031844,0.13954643971923647,5.0
ma_gap_5_20,5,max_holding_5,5.0,5.0,right_tail,159928,rank_exit,1,0.05010026955831545,0.018850606937640745,2.0
ma_gap_5_20,5,max_holding_5,5.0,5.0,right_tail,510050,max_holding,1,0.05608624259298926,0.016225315716728007,5.0
ma_gap_5_20,5,max_holding_5,5.0,5.0,right_tail,510500,max_holding,1,0.05032529606756256,0.017114612940637403,5.0
ma_gap_5_20,5,max_holding_5,5.0,5.0,right_tail,510880,max_holding,5,0.058715972270837545,0.11061775044751332,5.0
ma_gap_5_20,5,max_holding_5,5.0,5.0,right_tail,512010,max_holding,9,0.06675555483788216,0.22200614461640203,5.0
ma_gap_5_20,5,max_holding_5,5.0,5.0,right_tail,512100,max_holding,6,0.06421076208566052,0.1250701435496964,5.0
ma_gap_5_20,5,max_holding_5,5.0,5.0,right_tail,512400,max_holding,11,0.08915073963239706,0.3842909037558078,5.0
ma_gap_5_20,5,max_holding_5,5.0,5.0,right_tail,512400,rank_exit,1,0.16012961261304837,0.04798136007441307,5.0
ma_gap_5_20,5,max_holding_5,5.0,5.0,right_tail,512660,max_holding,10,0.07965649727334058,0.3286255213676199,5.0
ma_gap_5_20,5,max_holding_5,5.0,5.0,right_tail,512760,max_holding,21,0.09427928792370176,0.6922354574335177,5.0
ma_gap_5_20,5,max_holding_5,5.0,5.0,right_tail,512760,rank_exit,2,0.052698578560647524,0.036403075205696855,4.0
ma_gap_5_20,5,max_holding_5,5.0,5.0,right_tail,512760,signal_nonpositive,1,0.0534914361001317,0.019767978881953353,3.0
ma_gap_5_20,5,max_holding_5,5.0,5.0,right_tail,512800,max_holding,1,0.06315649514692175,0.020176647132929514,5.0
ma_gap_5_20,5,max_holding_5,5.0,5.0,right_tail,512880,max_holding,7,0.1377656294867759,0.31940286715919786,5.0
ma_gap_5_20,5,max_holding_5,5.0,5.0,right_tail,515030,max_holding,12,0.08113767245800345,0.38918668982131355,5.0
ma_gap_5_20,5,max_holding_5,5.0,5.0,right_tail,515220,max_holding,16,0.07411117896607322,0.4885126403229237,5.0
ma_gap_5_20,5,max_holding_5,5.0,5.0,right_tail,515790,max_holding,7,0.09091022966620477,0.2650307262413731,5.0
ma_gap_5_20,5,max_holding_5,5.0,5.0,right_tail,588000,max_holding,7,0.09991999311706805,0.23939453472670014,5.0
ma_gap_5_20,5,no_max_holding,,5.0,left_tail,159915,stop_loss,4,-0.06367266599534246,-0.13277960105256606,4.5
ma_gap_5_20,5,no_max_holding,,5.0,left_tail,159928,signal_nonpositive,2,-0.06374037729934233,-0.05808819047061489,7.0
ma_gap_5_20,5,no_max_holding,,5.0,left_tail,159928,stop_loss,2,-0.06460770379274836,-0.056818695402649826,7.5
ma_gap_5_20,5,no_max_holding,,5.0,left_tail,510050,signal_nonpositive,1,-0.08331414816936096,-0.029309237472155306,17.0
ma_gap_5_20,5,no_max_holding,,5.0,left_tail,510050,stop_loss,2,-0.06641242890030274,-0.04550735886671897,7.0
ma_gap_5_20,5,no_max_holding,,5.0,left_tail,510300,signal_nonpositive,2,-0.05760836397367397,-0.050007063811888325,10.5
ma_gap_5_20,5,no_max_holding,,5.0,left_tail,510500,rank_exit,1,-0.11083725153130254,-0.049456851886669886,10.0
ma_gap_5_20,5,no_max_holding,,5.0,left_tail,510500,signal_nonpositive,1,-0.06116117852325814,-0.021151388232007202,6.0
ma_gap_5_20,5,no_max_holding,,5.0,left_tail,510880,stop_loss,1,-0.0719344469776946,-0.02337816281863594,10.0
ma_gap_5_20,5,no_max_holding,,5.0,left_tail,512010,rank_exit,2,-0.06281936988495007,-0.047861313339556635,4.0
ma_gap_5_20,5,no_max_holding,,5.0,left_tail,512010,signal_nonpositive,1,-0.08199954077015537,-0.040842490615719616,3.0
ma_gap_5_20,5,no_max_holding,,5.0,left_tail,512010,stop_loss,2,-0.07619941994411597,-0.0656106745332911,4.5
ma_gap_5_20,5,no_max_holding,,5.0,left_tail,512100,signal_nonpositive,2,-0.05735221025850713,-0.055088626105956426,8.5
ma_gap_5_20,5,no_max_holding,,5.0,left_tail,512100,stop_loss,1,-0.07398583813116279,-0.037573933354780965,4.0
ma_gap_5_20,5,no_max_holding,,5.0,left_tail,512400,rank_exit,1,-0.06930722672851602,-0.040083773093271005,8.0
ma_gap_5_20,5,no_max_holding,,5.0,left_tail,512400,signal_nonpositive,2,-0.06522096094809751,-0.06623789392330753,6.0
ma_gap_5_20,5,no_max_holding,,5.0,left_tail,512400,stop_loss,5,-0.07105283161771588,-0.19386631493308906,3.6
ma_gap_5_20,5,no_max_holding,,5.0,left_tail,512660,rank_exit,1,-0.057760892281132195,-0.026666208854046483,3.0
ma_gap_5_20,5,no_max_holding,,5.0,left_tail,512660,signal_nonpositive,1,-0.05938264633916792,-0.03556448656178725,10.0
ma_gap_5_20,5,no_max_holding,,5.0,left_tail,512660,stop_loss,3,-0.06630342788064772,-0.09299790174918834,3.3333333333333335
ma_gap_5_20,5,no_max_holding,,5.0,left_tail,512760,stop_loss,7,-0.06411026202738966,-0.22061658629540792,3.7142857142857144
ma_gap_5_20,5,no_max_holding,,5.0,left_tail,512800,rank_exit,1,-0.06266619776531493,-0.03935756723041874,6.0
ma_gap_5_20,5,no_max_holding,,5.0,left_tail,512800,signal_nonpositive,2,-0.06272209792050545,-0.051661569859348624,12.5
ma_gap_5_20,5,no_max_holding,,5.0,left_tail,512880,signal_nonpositive,1,-0.07957257326392997,-0.03936226173239225,5.0
ma_gap_5_20,5,no_max_holding,,5.0,left_tail,512880,stop_loss,1,-0.0766813562915512,-0.03929051975673868,4.0
ma_gap_5_20,5,no_max_holding,,5.0,left_tail,515030,rank_exit,1,-0.061667546793405165,-0.03700391760040326,5.0
ma_gap_5_20,5,no_max_holding,,5.0,left_tail,515030,stop_loss,1,-0.0697138203385078,-0.03865597092556438,9.0
ma_gap_5_20,5,no_max_holding,,5.0,left_tail,515220,rank_exit,2,-0.06178440886063357,-0.05998345452487634,5.5
ma_gap_5_20,5,no_max_holding,,5.0,left_tail,515220,stop_loss,3,-0.080995999157292,-0.12190380878875182,4.0
ma_gap_5_20,5,no_max_holding,,5.0,left_tail,515790,stop_loss,4,-0.05878409415666407,-0.13073384422860784,4.75
ma_gap_5_20,5,no_max_holding,,5.0,left_tail,588000,stop_loss,1,-0.12368377214901306,-0.05144632233107644,2.0
ma_gap_5_20,5,no_max_holding,,5.0,right_tail,159915,rank_exit,4,0.11835575108015098,0.19769933716668636,19.0
ma_gap_5_20,5,no_max_holding,,5.0,right_tail,159915,signal_nonpositive,1,0.1545335116872701,0.06131188295142269,4.0
ma_gap_5_20,5,no_max_holding,,5.0,right_tail,159928,rank_exit,4,0.11281747560739283,0.15708187175311228,26.0
ma_gap_5_20,5,no_max_holding,,5.0,right_tail,159928,signal_nonpositive,1,0.07679152227165102,0.02795176637821498,27.0
ma_gap_5_20,5,no_max_holding,,5.0,right_tail,510050,rank_exit,2,0.08032157701636995,0.050690736900566476,17.0
ma_gap_5_20,5,no_max_holding,,5.0,right_tail,510300,rank_exit,1,0.09813795392380148,0.028660915121919338,18.0
ma_gap_5_20,5,no_max_holding,,5.0,right_tail,510500,rank_exit,1,0.07165508155013411,0.023808608625177523,12.0
ma_gap_5_20,5,no_max_holding,,5.0,right_tail,510500,signal_nonpositive,1,0.10262023243697307,0.055016594121895385,26.0
ma_gap_5_20,5,no_max_holding,,5.0,right_tail,510880,signal_nonpositive,1,0.09307677999565228,0.05465291063324098,26.0
ma_gap_5_20,5,no_max_holding,,5.0,right_tail,512010,rank_exit,4,0.08114792047031967,0.13614356417397458,14.5
ma_gap_5_20,5,no_max_holding,,5.0,right_tail,512010,signal_nonpositive,2,0.09446160818300825,0.06950045817765124,16.0
ma_gap_5_20,5,no_max_holding,,5.0,right_tail,512100,rank_exit,2,0.15973434639101813,0.11601256543078978,24.5
ma_gap_5_20,5,no_max_holding,,5.0,right_tail,512400,rank_exit,3,0.1271429898107881,0.17139129348190457,16.0
ma_gap_5_20,5,no_max_holding,,5.0,right_tail,512400,signal_nonpositive,1,0.15703447711172658,0.08138646014503532,44.0
ma_gap_5_20,5,no_max_holding,,5.0,right_tail,512660,rank_exit,5,0.13790185415559933,0.3556586322463204,20.8
ma_gap_5_20,5,no_max_holding,,5.0,right_tail,512660,signal_nonpositive,1,0.16378408733777436,0.07602885672881039,28.0
ma_gap_5_20,5,no_max_holding,,5.0,right_tail,512760,rank_exit,4,0.12650026259327835,0.23323838031914354,22.25
ma_gap_5_20,5,no_max_holding,,5.0,right_tail,512760,signal_nonpositive,3,0.1836111184173994,0.2449854045909695,25.666666666666668
ma_gap_5_20,5,no_max_holding,,5.0,right_tail,512800,rank_exit,2,0.08005258468896378,0.07382171322957679,24.5
ma_gap_5_20,5,no_max_holding,,5.0,right_tail,512880,rank_exit,2,0.31050712807326397,0.2703522533217997,21.0
ma_gap_5_20,5,no_max_holding,,5.0,right_tail,512880,signal_nonpositive,1,0.11000055527791654,0.05706392013305811,27.0
ma_gap_5_20,5,no_max_holding,,5.0,right_tail,515030,rank_exit,5,0.1978937554786693,0.4534954838806946,31.0
ma_gap_5_20,5,no_max_holding,,5.0,right_tail,515030,signal_nonpositive,1,0.2395974787475374,0.12542586127890124,37.0
ma_gap_5_20,5,no_max_holding,,5.0,right_tail,515220,rank_exit,1,0.09933679448485348,0.04742264636150559,12.0
ma_gap_5_20,5,no_max_holding,,5.0,right_tail,515220,signal_nonpositive,2,0.12213737453617515,0.14207996733494815,21.5
ma_gap_5_20,5,no_max_holding,,5.0,right_tail,515790,rank_exit,3,0.08814770673210744,0.1409510046398253,16.666666666666668
ma_gap_5_20,5,no_max_holding,,5.0,right_tail,515790,signal_nonpositive,1,0.3057801807757539,0.15587781791938313,52.0
ma_gap_5_20,5,no_max_holding,,5.0,right_tail,588000,rank_exit,1,0.10700055377716539,0.051993398425817475,26.0
ma_gap_5_20,5,no_max_holding,,5.0,right_tail,588000,signal_nonpositive,1,0.2504971290578487,0.1406067500433474,34.0
ma_gap_5_20,10,max_holding_10,10.0,5.0,left_tail,159915,signal_nonpositive,1,-0.0584133220745948,-0.030125640170506958,4.0
ma_gap_5_20,10,max_holding_10,10.0,5.0,left_tail,159915,stop_loss,6,-0.06522947387012487,-0.17830935647505225,5.666666666666667
ma_gap_5_20,10,max_holding_10,10.0,5.0,left_tail,159928,signal_nonpositive,2,-0.0637403772993423,-0.058359198589563385,7.0
ma_gap_5_20,10,max_holding_10,10.0,5.0,left_tail,159928,stop_loss,2,-0.06805481272079514,-0.048617550704530214,4.0
ma_gap_5_20,10,max_holding_10,10.0,5.0,left_tail,510050,signal_nonpositive,1,-0.096844566646566,-0.03903180077142827,5.0
ma_gap_5_20,10,max_holding_10,10.0,5.0,left_tail,510050,stop_loss,2,-0.06641242890030268,-0.04502449481974412,7.0
ma_gap_5_20,10,max_holding_10,10.0,5.0,left_tail,510300,signal_nonpositive,1,-0.05936806877460137,-0.030818427633945447,8.0
ma_gap_5_20,10,max_holding_10,10.0,5.0,left_tail,510500,rank_exit,1,-0.11083725153130237,-0.048094382381806765,10.0
ma_gap_5_20,10,max_holding_10,10.0,5.0,left_tail,510500,signal_nonpositive,1,-0.06116117852325813,-0.021823812686145864,6.0
ma_gap_5_20,10,max_holding_10,10.0,5.0,left_tail,510500,stop_loss,1,-0.06449529472551856,-0.02022794417756483,5.0
ma_gap_5_20,10,max_holding_10,10.0,5.0,left_tail,510880,signal_nonpositive,1,-0.09465579710144945,-0.03894006927766812,8.0
ma_gap_5_20,10,max_holding_10,10.0,5.0,left_tail,510880,stop_loss,3,-0.06107137818539634,-0.07350087262149828,7.0
ma_gap_5_20,10,max_holding_10,10.0,5.0,left_tail,512010,rank_exit,1,-0.07092953523238371,-0.024635002847054367,6.0
ma_gap_5_20,10,max_holding_10,10.0,5.0,left_tail,512010,signal_nonpositive,1,-0.08199954077015548,-0.031505818500518576,3.0
ma_gap_5_20,10,max_holding_10,10.0,5.0,left_tail,512010,stop_loss,4,-0.07558715184103112,-0.13042869247397157,3.5
ma_gap_5_20,10,max_holding_10,10.0,5.0,left_tail,512100,signal_nonpositive,3,-0.06806284548663363,-0.08073566471647456,7.666666666666667
ma_gap_5_20,10,max_holding_10,10.0,5.0,left_tail,512100,stop_loss,4,-0.06632278135650241,-0.13236602803133848,4.5
ma_gap_5_20,10,max_holding_10,10.0,5.0,left_tail,512400,rank_exit,1,-0.06930722672851586,-0.03563993181961859,8.0
ma_gap_5_20,10,max_holding_10,10.0,5.0,left_tail,512400,signal_nonpositive,3,-0.08000947766282494,-0.11220600664848311,4.333333333333333
ma_gap_5_20,10,max_holding_10,10.0,5.0,left_tail,512400,stop_loss,8,-0.07912212468397653,-0.317717710931814,3.375
ma_gap_5_20,10,max_holding_10,10.0,5.0,left_tail,512660,rank_exit,1,-0.05776089228113223,-0.024990248309931382,3.0
ma_gap_5_20,10,max_holding_10,10.0,5.0,left_tail,512660,stop_loss,5,-0.07626876708541215,-0.17449300140681584,3.0
ma_gap_5_20,10,max_holding_10,10.0,5.0,left_tail,512760,stop_loss,8,-0.0641959389247702,-0.22242276504137562,3.0
ma_gap_5_20,10,max_holding_10,10.0,5.0,left_tail,512800,rank_exit,1,-0.06266619776531498,-0.03003548395871856,6.0
ma_gap_5_20,10,max_holding_10,10.0,5.0,left_tail,512800,stop_loss,1,-0.0949226241580064,-0.037917150036986876,3.0
ma_gap_5_20,10,max_holding_10,10.0,5.0,left_tail,512880,signal_nonpositive,2,-0.0685596358064343,-0.05665090595414472,7.5
ma_gap_5_20,10,max_holding_10,10.0,5.0,left_tail,512880,stop_loss,2,-0.06055529927344025,-0.04964968119906219,5.5
ma_gap_5_20,10,max_holding_10,10.0,5.0,left_tail,515030,rank_exit,2,-0.0590988602456363,-0.06588727332984094,5.0
ma_gap_5_20,10,max_holding_10,10.0,5.0,left_tail,515030,stop_loss,1,-0.058085243092739346,-0.028202434866974473,9.0
ma_gap_5_20,10,max_holding_10,10.0,5.0,left_tail,515220,rank_exit,3,-0.07052850637557341,-0.0939367630294159,5.666666666666667
ma_gap_5_20,10,max_holding_10,10.0,5.0,left_tail,515220,signal_nonpositive,2,-0.06479179952764258,-0.06400862587750607,5.5
ma_gap_5_20,10,max_holding_10,10.0,5.0,left_tail,515220,stop_loss,5,-0.05778965158374747,-0.1531531807872462,6.8
ma_gap_5_20,10,max_holding_10,10.0,5.0,left_tail,515790,rank_exit,1,-0.061180253246870396,-0.03465555316180629,5.0
ma_gap_5_20,10,max_holding_10,10.0,5.0,left_tail,515790,signal_nonpositive,1,-0.05976423552929413,-0.02540059060966404,3.0
ma_gap_5_20,10,max_holding_10,10.0,5.0,left_tail,515790,stop_loss,4,-0.05878409415666401,-0.12072727227241815,4.75
ma_gap_5_20,10,max_holding_10,10.0,5.0,left_tail,588000,stop_loss,2,-0.09689825725998305,-0.08049906213476993,2.5
ma_gap_5_20,10,max_holding_10,10.0,5.0,right_tail,159915,max_holding,6,0.10168633668846999,0.2422733738841746,10.0
ma_gap_5_20,10,max_holding_10,10.0,5.0,right_tail,159928,max_holding,2,0.10676986458146315,0.07750842656065826,10.0
ma_gap_5_20,10,max_holding_10,10.0,5.0,right_tail,510050,max_holding,3,0.07550325435510523,0.07755790225519867,10.0
ma_gap_5_20,10,max_holding_10,10.0,5.0,right_tail,510500,max_holding,1,0.09597794188012373,0.04106467008364508,10.0
ma_gap_5_20,10,max_holding_10,10.0,5.0,right_tail,510880,max_holding,4,0.08468438091729225,0.15698517128938622,10.0
ma_gap_5_20,10,max_holding_10,10.0,5.0,right_tail,512010,max_holding,9,0.08706570684591937,0.343872222418191,10.0
ma_gap_5_20,10,max_holding_10,10.0,5.0,right_tail,512100,max_holding,5,0.07382595242175424,0.1297077219172056,10.0
ma_gap_5_20,10,max_holding_10,10.0,5.0,right_tail,512100,rank_exit,1,0.06345214489529426,0.02210077523929403,4.0
ma_gap_5_20,10,max_holding_10,10.0,5.0,right_tail,512400,max_holding,5,0.09451584253264297,0.20798954187440657,10.0
ma_gap_5_20,10,max_holding_10,10.0,5.0,right_tail,512400,rank_exit,1,0.16012961261304848,0.05807398110081362,5.0
ma_gap_5_20,10,max_holding_10,10.0,5.0,right_tail,512660,max_holding,6,0.12375927026234683,0.35867817969859983,10.0
ma_gap_5_20,10,max_holding_10,10.0,5.0,right_tail,512660,rank_exit,1,0.06951818208542797,0.0297440650883088,10.0
ma_gap_5_20,10,max_holding_10,10.0,5.0,right_tail,512760,max_holding,14,0.12005759503615378,0.7217704098328892,10.0
ma_gap_5_20,10,max_holding_10,10.0,5.0,right_tail,512800,max_holding,1,0.07330632204558896,0.03538974102607285,10.0
ma_gap_5_20,10,max_holding_10,10.0,5.0,right_tail,512880,max_holding,4,0.1399242724125419,0.2345253536643649,10.0
ma_gap_5_20,10,max_holding_10,10.0,5.0,right_tail,515030,max_holding,8,0.09768244074606988,0.3614033628699968,10.0
ma_gap_5_20,10,max_holding_10,10.0,5.0,right_tail,515220,max_holding,6,0.1214574953470639,0.35172598252918696,10.0
ma_gap_5_20,10,max_holding_10,10.0,5.0,right_tail,515220,rank_exit,1,0.11317198543585351,0.04102340927964233,4.0
ma_gap_5_20,10,max_holding_10,10.0,5.0,right_tail,515790,max_holding,7,0.10709357581801972,0.3917960023032259,10.0
ma_gap_5_20,10,max_holding_10,10.0,5.0,right_tail,588000,max_holding,3,0.10696666166962343,0.13187594977977657,10.0
ma_gap_5_20,10,no_max_holding,,5.0,left_tail,159915,stop_loss,4,-0.06367266599534246,-0.13277960105256606,4.5
ma_gap_5_20,10,no_max_holding,,5.0,left_tail,159928,signal_nonpositive,2,-0.06374037729934233,-0.05808819047061489,7.0
ma_gap_5_20,10,no_max_holding,,5.0,left_tail,159928,stop_loss,2,-0.06460770379274836,-0.056818695402649826,7.5
ma_gap_5_20,10,no_max_holding,,5.0,left_tail,510050,signal_nonpositive,1,-0.08331414816936096,-0.029309237472155306,17.0
ma_gap_5_20,10,no_max_holding,,5.0,left_tail,510050,stop_loss,2,-0.06641242890030274,-0.04550735886671897,7.0
ma_gap_5_20,10,no_max_holding,,5.0,left_tail,510300,signal_nonpositive,2,-0.05760836397367397,-0.050007063811888325,10.5
ma_gap_5_20,10,no_max_holding,,5.0,left_tail,510500,rank_exit,1,-0.11083725153130254,-0.049456851886669886,10.0
ma_gap_5_20,10,no_max_holding,,5.0,left_tail,510500,signal_nonpositive,1,-0.06116117852325814,-0.021151388232007202,6.0
ma_gap_5_20,10,no_max_holding,,5.0,left_tail,510880,stop_loss,1,-0.0719344469776946,-0.02337816281863594,10.0
ma_gap_5_20,10,no_max_holding,,5.0,left_tail,512010,rank_exit,2,-0.06281936988495007,-0.047861313339556635,4.0
ma_gap_5_20,10,no_max_holding,,5.0,left_tail,512010,signal_nonpositive,1,-0.08199954077015537,-0.040842490615719616,3.0
ma_gap_5_20,10,no_max_holding,,5.0,left_tail,512010,stop_loss,2,-0.07619941994411597,-0.0656106745332911,4.5
ma_gap_5_20,10,no_max_holding,,5.0,left_tail,512100,signal_nonpositive,2,-0.05735221025850713,-0.055088626105956426,8.5
ma_gap_5_20,10,no_max_holding,,5.0,left_tail,512100,stop_loss,1,-0.07398583813116279,-0.037573933354780965,4.0
ma_gap_5_20,10,no_max_holding,,5.0,left_tail,512400,rank_exit,1,-0.06930722672851602,-0.040083773093271005,8.0
ma_gap_5_20,10,no_max_holding,,5.0,left_tail,512400,signal_nonpositive,2,-0.06522096094809751,-0.06623789392330753,6.0
ma_gap_5_20,10,no_max_holding,,5.0,left_tail,512400,stop_loss,5,-0.07105283161771588,-0.19386631493308906,3.6
ma_gap_5_20,10,no_max_holding,,5.0,left_tail,512660,rank_exit,1,-0.057760892281132195,-0.026666208854046483,3.0
ma_gap_5_20,10,no_max_holding,,5.0,left_tail,512660,signal_nonpositive,1,-0.05938264633916792,-0.03556448656178725,10.0
ma_gap_5_20,10,no_max_holding,,5.0,left_tail,512660,stop_loss,3,-0.06630342788064772,-0.09299790174918834,3.3333333333333335
ma_gap_5_20,10,no_max_holding,,5.0,left_tail,512760,stop_loss,7,-0.06411026202738966,-0.22061658629540792,3.7142857142857144
ma_gap_5_20,10,no_max_holding,,5.0,left_tail,512800,rank_exit,1,-0.06266619776531493,-0.03935756723041874,6.0
ma_gap_5_20,10,no_max_holding,,5.0,left_tail,512800,signal_nonpositive,2,-0.06272209792050545,-0.051661569859348624,12.5
ma_gap_5_20,10,no_max_holding,,5.0,left_tail,512880,signal_nonpositive,1,-0.07957257326392997,-0.03936226173239225,5.0
ma_gap_5_20,10,no_max_holding,,5.0,left_tail,512880,stop_loss,1,-0.0766813562915512,-0.03929051975673868,4.0
ma_gap_5_20,10,no_max_holding,,5.0,left_tail,515030,rank_exit,1,-0.061667546793405165,-0.03700391760040326,5.0
ma_gap_5_20,10,no_max_holding,,5.0,left_tail,515030,stop_loss,1,-0.0697138203385078,-0.03865597092556438,9.0
ma_gap_5_20,10,no_max_holding,,5.0,left_tail,515220,rank_exit,2,-0.06178440886063357,-0.05998345452487634,5.5
ma_gap_5_20,10,no_max_holding,,5.0,left_tail,515220,stop_loss,3,-0.080995999157292,-0.12190380878875182,4.0
ma_gap_5_20,10,no_max_holding,,5.0,left_tail,515790,stop_loss,4,-0.05878409415666407,-0.13073384422860784,4.75
ma_gap_5_20,10,no_max_holding,,5.0,left_tail,588000,stop_loss,1,-0.12368377214901306,-0.05144632233107644,2.0
ma_gap_5_20,10,no_max_holding,,5.0,right_tail,159915,rank_exit,4,0.11835575108015098,0.19769933716668636,19.0
ma_gap_5_20,10,no_max_holding,,5.0,right_tail,159915,signal_nonpositive,1,0.1545335116872701,0.06131188295142269,4.0
ma_gap_5_20,10,no_max_holding,,5.0,right_tail,159928,rank_exit,4,0.11281747560739283,0.15708187175311228,26.0
ma_gap_5_20,10,no_max_holding,,5.0,right_tail,159928,signal_nonpositive,1,0.07679152227165102,0.02795176637821498,27.0
ma_gap_5_20,10,no_max_holding,,5.0,right_tail,510050,rank_exit,2,0.08032157701636995,0.050690736900566476,17.0
ma_gap_5_20,10,no_max_holding,,5.0,right_tail,510300,rank_exit,1,0.09813795392380148,0.028660915121919338,18.0
ma_gap_5_20,10,no_max_holding,,5.0,right_tail,510500,rank_exit,1,0.07165508155013411,0.023808608625177523,12.0
ma_gap_5_20,10,no_max_holding,,5.0,right_tail,510500,signal_nonpositive,1,0.10262023243697307,0.055016594121895385,26.0
ma_gap_5_20,10,no_max_holding,,5.0,right_tail,510880,signal_nonpositive,1,0.09307677999565228,0.05465291063324098,26.0
ma_gap_5_20,10,no_max_holding,,5.0,right_tail,512010,rank_exit,4,0.08114792047031967,0.13614356417397458,14.5
ma_gap_5_20,10,no_max_holding,,5.0,right_tail,512010,signal_nonpositive,2,0.09446160818300825,0.06950045817765124,16.0
ma_gap_5_20,10,no_max_holding,,5.0,right_tail,512100,rank_exit,2,0.15973434639101813,0.11601256543078978,24.5
ma_gap_5_20,10,no_max_holding,,5.0,right_tail,512400,rank_exit,3,0.1271429898107881,0.17139129348190457,16.0
ma_gap_5_20,10,no_max_holding,,5.0,right_tail,512400,signal_nonpositive,1,0.15703447711172658,0.08138646014503532,44.0
ma_gap_5_20,10,no_max_holding,,5.0,right_tail,512660,rank_exit,5,0.13790185415559933,0.3556586322463204,20.8
ma_gap_5_20,10,no_max_holding,,5.0,right_tail,512660,signal_nonpositive,1,0.16378408733777436,0.07602885672881039,28.0
ma_gap_5_20,10,no_max_holding,,5.0,right_tail,512760,rank_exit,4,0.12650026259327835,0.23323838031914354,22.25
ma_gap_5_20,10,no_max_holding,,5.0,right_tail,512760,signal_nonpositive,3,0.1836111184173994,0.2449854045909695,25.666666666666668
ma_gap_5_20,10,no_max_holding,,5.0,right_tail,512800,rank_exit,2,0.08005258468896378,0.07382171322957679,24.5
ma_gap_5_20,10,no_max_holding,,5.0,right_tail,512880,rank_exit,2,0.31050712807326397,0.2703522533217997,21.0
ma_gap_5_20,10,no_max_holding,,5.0,right_tail,512880,signal_nonpositive,1,0.11000055527791654,0.05706392013305811,27.0
ma_gap_5_20,10,no_max_holding,,5.0,right_tail,515030,rank_exit,5,0.1978937554786693,0.4534954838806946,31.0
ma_gap_5_20,10,no_max_holding,,5.0,right_tail,515030,signal_nonpositive,1,0.2395974787475374,0.12542586127890124,37.0
ma_gap_5_20,10,no_max_holding,,5.0,right_tail,515220,rank_exit,1,0.09933679448485348,0.04742264636150559,12.0
ma_gap_5_20,10,no_max_holding,,5.0,right_tail,515220,signal_nonpositive,2,0.12213737453617515,0.14207996733494815,21.5
ma_gap_5_20,10,no_max_holding,,5.0,right_tail,515790,rank_exit,3,0.08814770673210744,0.1409510046398253,16.666666666666668
ma_gap_5_20,10,no_max_holding,,5.0,right_tail,515790,signal_nonpositive,1,0.3057801807757539,0.15587781791938313,52.0
ma_gap_5_20,10,no_max_holding,,5.0,right_tail,588000,rank_exit,1,0.10700055377716539,0.051993398425817475,26.0
ma_gap_5_20,10,no_max_holding,,5.0,right_tail,588000,signal_nonpositive,1,0.2504971290578487,0.1406067500433474,34.0
mom_10,5,max_holding_5,5.0,5.0,left_tail,159915,max_holding,1,-0.03716241426797926,-0.015635170411643685,5.0
mom_10,5,max_holding_5,5.0,5.0,left_tail,159915,rank_exit,1,-0.04177503085192101,-0.016897584638558286,3.0
mom_10,5,max_holding_5,5.0,5.0,left_tail,159915,signal_nonpositive,4,-0.056412320050277256,-0.08758060670396273,3.0
mom_10,5,max_holding_5,5.0,5.0,left_tail,159915,stop_loss,3,-0.08828503547077794,-0.11934694456280895,3.3333333333333335
mom_10,5,max_holding_5,5.0,5.0,left_tail,159928,max_holding,2,-0.04200811650912123,-0.030556734555608988,5.0
mom_10,5,max_holding_5,5.0,5.0,left_tail,159928,rank_exit,1,-0.04426330142015593,-0.017657469136445125,2.0
mom_10,5,max_holding_5,5.0,5.0,left_tail,159928,signal_nonpositive,7,-0.05369152308981174,-0.14883190505135585,3.142857142857143
mom_10,5,max_holding_5,5.0,5.0,left_tail,159928,stop_loss,4,-0.0663727333251779,-0.10919125872782154,3.0
mom_10,5,max_holding_5,5.0,5.0,left_tail,510050,signal_nonpositive,3,-0.052985277701862676,-0.049940618302225084,2.3333333333333335
mom_10,5,max_holding_5,5.0,5.0,left_tail,510300,signal_nonpositive,2,-0.04193572765694459,-0.03227141842866819,3.5
mom_10,5,max_holding_5,5.0,5.0,left_tail,510500,max_holding,1,-0.03678459277823779,-0.012493758588013132,5.0
mom_10,5,max_holding_5,5.0,5.0,left_tail,510500,signal_nonpositive,1,-0.05164007857822229,-0.019949502715031618,2.0
mom_10,5,max_holding_5,5.0,5.0,left_tail,510880,max_holding,2,-0.03769839450778202,-0.03232472003254456,5.0
mom_10,5,max_holding_5,5.0,5.0,left_tail,510880,signal_nonpositive,3,-0.06539745014050241,-0.07417714468466192,3.3333333333333335
mom_10,5,max_holding_5,5.0,5.0,left_tail,510880,stop_loss,2,-0.05166309702291717,-0.035402159936430415,2.0
mom_10,5,max_holding_5,5.0,5.0,left_tail,512010,max_holding,1,-0.04189425754958787,-0.014964624137079854,5.0
mom_10,5,max_holding_5,5.0,5.0,left_tail,512010,rank_exit,3,-0.04860625338022136,-0.05885221389816566,2.6666666666666665
mom_10,5,max_holding_5,5.0,5.0,left_tail,512010,signal_nonpositive,5,-0.06809115497796403,-0.13218053608406097,3.0
mom_10,5,max_holding_5,5.0,5.0,left_tail,512100,signal_nonpositive,3,-0.050748280051518296,-0.05914142340387819,2.0
mom_10,5,max_holding_5,5.0,5.0,left_tail,512400,max_holding,1,-0.051796135830389736,-0.021616211905859203,5.0
mom_10,5,max_holding_5,5.0,5.0,left_tail,512400,rank_exit,3,-0.07200363864357448,-0.09274341239614191,1.3333333333333333
mom_10,5,max_holding_5,5.0,5.0,left_tail,512400,signal_nonpositive,10,-0.052128938269449275,-0.19941858263635331,1.9
mom_10,5,max_holding_5,5.0,5.0,left_tail,512400,stop_loss,4,-0.09655707552054985,-0.1685781813012132,1.5
mom_10,5,max_holding_5,5.0,5.0,left_tail,512660,max_holding,1,-0.039422596394110596,-0.015457317620152698,5.0
mom_10,5,max_holding_5,5.0,5.0,left_tail,512660,rank_exit,1,-0.07893570945023923,-0.03576231612356499,2.0
mom_10,5,max_holding_5,5.0,5.0,left_tail,512660,signal_nonpositive,7,-0.04946768263059615,-0.1343255087688662,2.7142857142857144
mom_10,5,max_holding_5,5.0,5.0,left_tail,512660,stop_loss,3,-0.05961797781931263,-0.079602053694835,2.6666666666666665
mom_10,5,max_holding_5,5.0,5.0,left_tail,512760,max_holding,2,-0.043411351135609476,-0.03524957439608806,5.0
mom_10,5,max_holding_5,5.0,5.0,left_tail,512760,rank_exit,5,-0.0592113198150789,-0.12727743426647134,3.0
mom_10,5,max_holding_5,5.0,5.0,left_tail,512760,signal_nonpositive,6,-0.05333360642115483,-0.12872097247444642,3.5
mom_10,5,max_holding_5,5.0,5.0,left_tail,512760,stop_loss,5,-0.08070747663173673,-0.16613112230399282,2.8
mom_10,5,max_holding_5,5.0,5.0,left_tail,512800,max_holding,1,-0.04520306218572107,-0.017632707571922698,5.0
mom_10,5,max_holding_5,5.0,5.0,left_tail,512800,signal_nonpositive,4,-0.03997623320025341,-0.0577658550289325,4.25
mom_10,5,max_holding_5,5.0,5.0,left_tail,512880,rank_exit,1,-0.04017599043615445,-0.014523606481368204,3.0
mom_10,5,max_holding_5,5.0,5.0,left_tail,512880,signal_nonpositive,8,-0.0455127108546366,-0.13045682758428187,2.5
mom_10,5,max_holding_5,5.0,5.0,left_tail,512880,stop_loss,3,-0.051634945820400256,-0.05907781139451653,3.6666666666666665
mom_10,5,max_holding_5,5.0,5.0,left_tail,515030,max_holding,2,-0.03930439746068523,-0.031995063630786726,5.0
mom_10,5,max_holding_5,5.0,5.0,left_tail,515030,rank_exit,2,-0.047196362440320765,-0.03705400109026741,3.0
mom_10,5,max_holding_5,5.0,5.0,left_tail,515030,signal_nonpositive,6,-0.05286983250039506,-0.13522673538893115,3.0
mom_10,5,max_holding_5,5.0,5.0,left_tail,515030,stop_loss,2,-0.06786832748718552,-0.0626215653300489,3.5
mom_10,5,max_holding_5,5.0,5.0,left_tail,515220,max_holding,3,-0.04142937654290921,-0.05499930243525438,5.0
mom_10,5,max_holding_5,5.0,5.0,left_tail,515220,rank_exit,4,-0.07979298868406244,-0.14330992841159726,2.0
mom_10,5,max_holding_5,5.0,5.0,left_tail,515220,signal_nonpositive,13,-0.05971786927416544,-0.32562324180826785,2.923076923076923
mom_10,5,max_holding_5,5.0,5.0,left_tail,515220,stop_loss,4,-0.08176253864755186,-0.1390201841564171,2.5
mom_10,5,max_holding_5,5.0,5.0,left_tail,515790,rank_exit,1,-0.03799951875913907,-0.016681638847367796,2.0
mom_10,5,max_holding_5,5.0,5.0,left_tail,515790,signal_nonpositive,2,-0.047742558157626236,-0.04340037648849709,2.5
mom_10,5,max_holding_5,5.0,5.0,left_tail,515790,stop_loss,5,-0.06057710276184365,-0.138388429035875,2.6
mom_10,5,max_holding_5,5.0,5.0,left_tail,588000,rank_exit,1,-0.04640861387488075,-0.020858522933835253,3.0
mom_10,5,max_holding_5,5.0,5.0,left_tail,588000,signal_nonpositive,2,-0.060972057723681854,-0.05245291172340957,4.0
mom_10,5,max_holding_5,5.0,5.0,left_tail,588000,stop_loss,2,-0.10515594333159231,-0.08874608137771417,3.5
mom_10,5,max_holding_5,5.0,5.0,right_tail,159915,max_holding,11,0.06469811414859516,0.2428777780565479,5.0
mom_10,5,max_holding_5,5.0,5.0,right_tail,159915,signal_nonpositive,1,0.0843422509850603,0.031540415475207396,2.0
mom_10,5,max_holding_5,5.0,5.0,right_tail,159928,max_holding,8,0.06674346188646332,0.20012452381607687,5.0
mom_10,5,max_holding_5,5.0,5.0,right_tail,159928,rank_exit,1,0.06143803098450781,0.024587976580681792,3.0
mom_10,5,max_holding_5,5.0,5.0,right_tail,510050,max_holding,3,0.05374109037143421,0.05338892935232921,5.0
mom_10,5,max_holding_5,5.0,5.0,right_tail,510880,max_holding,6,0.06124816828701581,0.14910048604608572,5.0
mom_10,5,max_holding_5,5.0,5.0,right_tail,512010,max_holding,11,0.06636613841270293,0.28384459057066697,5.0
mom_10,5,max_holding_5,5.0,5.0,right_tail,512010,rank_exit,1,0.059545984583465994,0.021273379037225714,3.0
mom_10,5,max_holding_5,5.0,5.0,right_tail,512010,signal_nonpositive,1,0.07335976024932514,0.02975123990240275,5.0
mom_10,5,max_holding_5,5.0,5.0,right_tail,512100,max_holding,5,0.057674700841383895,0.10294586464631081,5.0
mom_10,5,max_holding_5,5.0,5.0,right_tail,512100,rank_exit,1,0.09505824011071376,0.029286109865991426,4.0
mom_10,5,max_holding_5,5.0,5.0,right_tail,512400,max_holding,12,0.0715681161951378,0.35935346356686015,5.0
mom_10,5,max_holding_5,5.0,5.0,right_tail,512400,rank_exit,2,0.14527024075374903,0.09992600780898706,4.5
mom_10,5,max_holding_5,5.0,5.0,right_tail,512660,max_holding,10,0.08156529333110768,0.3291996939707553,5.0
mom_10,5,max_holding_5,5.0,5.0,right_tail,512760,max_holding,24,0.08513281284076202,0.7923821037788013,5.0
mom_10,5,max_holding_5,5.0,5.0,right_tail,512760,rank_exit,1,0.060391591913540425,0.021526119183266766,2.0
mom_10,5,max_holding_5,5.0,5.0,right_tail,512760,signal_nonpositive,1,0.048950524737631194,0.01871303447883609,4.0
mom_10,5,max_holding_5,5.0,5.0,right_tail,512800,max_holding,5,0.06307150902378504,0.12428260797692726,5.0
mom_10,5,max_holding_5,5.0,5.0,right_tail,512800,rank_exit,1,0.1037344231110252,0.03560459334076568,3.0
mom_10,5,max_holding_5,5.0,5.0,right_tail,512880,max_holding,8,0.11072647362001432,0.32700373086460105,5.0
mom_10,5,max_holding_5,5.0,5.0,right_tail,515030,max_holding,15,0.08792466840753312,0.5298448826811059,5.0
mom_10,5,max_holding_5,5.0,5.0,right_tail,515220,max_holding,13,0.07235502524867345,0.4105991631649037,5.0
mom_10,5,max_holding_5,5.0,5.0,right_tail,515220,rank_exit,1,0.2939435044382571,0.10812282909477439,3.0
mom_10,5,max_holding_5,5.0,5.0,right_tail,515220,signal_nonpositive,1,0.04657195211917853,0.018222103479810736,4.0
mom_10,5,max_holding_5,5.0,5.0,right_tail,515790,max_holding,8,0.06487861450596644,0.21389470647061867,5.0
mom_10,5,max_holding_5,5.0,5.0,right_tail,515790,rank_exit,1,0.04937027284676984,0.021605185369759965,3.0
mom_10,5,max_holding_5,5.0,5.0,right_tail,588000,max_holding,11,0.0737758223933271,0.31630438932247296,5.0
mom_10,5,no_max_holding,,5.0,left_tail,159915,signal_nonpositive,3,-0.04996196031592123,-0.07132013121286607,7.0
mom_10,5,no_max_holding,,5.0,left_tail,159915,stop_loss,3,-0.08828503547077803,-0.16379947054779892,3.3333333333333335
mom_10,5,no_max_holding,,5.0,left_tail,159928,signal_nonpositive,4,-0.06828996956167857,-0.11757729672622726,3.25
mom_10,5,no_max_holding,,5.0,left_tail,159928,stop_loss,2,-0.06347109451275458,-0.05703347771913845,5.5
mom_10,5,no_max_holding,,5.0,left_tail,510050,signal_nonpositive,4,-0.044484100480247035,-0.06840248126752546,6.0
mom_10,5,no_max_holding,,5.0,left_tail,510500,signal_nonpositive,3,-0.053458397897351385,-0.06951222294668422,4.333333333333333
mom_10,5,no_max_holding,,5.0,left_tail,510880,signal_nonpositive,3,-0.05758631774608477,-0.07385460961416634,5.666666666666667
mom_10,5,no_max_holding,,5.0,left_tail,512010,rank_exit,1,-0.06526269029228073,-0.031154673374177815,5.0
mom_10,5,no_max_holding,,5.0,left_tail,512010,signal_nonpositive,4,-0.07462334925135082,-0.12240861650945915,3.0
mom_10,5,no_max_holding,,5.0,left_tail,512100,signal_nonpositive,3,-0.08260164191169266,-0.10282555489652821,3.6666666666666665
mom_10,5,no_max_holding,,5.0,left_tail,512100,stop_loss,2,-0.06302311618285714,-0.05741622187575295,6.0
mom_10,5,no_max_holding,,5.0,left_tail,512400,rank_exit,3,-0.0774926523784653,-0.1370862389101968,1.3333333333333333
mom_10,5,no_max_holding,,5.0,left_tail,512400,signal_nonpositive,7,-0.050203936221198,-0.18178203349112587,2.2857142857142856
mom_10,5,no_max_holding,,5.0,left_tail,512400,stop_loss,4,-0.066918700658376,-0.1253403311360048,3.5
mom_10,5,no_max_holding,,5.0,left_tail,512660,signal_nonpositive,5,-0.050119243105462084,-0.12365838720327706,4.6
mom_10,5,no_max_holding,,5.0,left_tail,512760,rank_exit,2,-0.045740832792160124,-0.05024242355285022,4.0
mom_10,5,no_max_holding,,5.0,left_tail,512760,signal_nonpositive,3,-0.04062247117507548,-0.055453636516136356,3.3333333333333335
mom_10,5,no_max_holding,,5.0,left_tail,512760,stop_loss,2,-0.0687138198382577,-0.08040205513135452,2.0
mom_10,5,no_max_holding,,5.0,left_tail,512800,signal_nonpositive,3,-0.03981338798088869,-0.05846162086784445,5.333333333333333
mom_10,5,no_max_holding,,5.0,left_tail,512880,rank_exit,1,-0.05045497053453477,-0.029448679577751376,3.0
mom_10,5,no_max_holding,,5.0,left_tail,512880,signal_nonpositive,6,-0.04279858087156596,-0.10246029606825752,3.5
mom_10,5,no_max_holding,,5.0,left_tail,515030,rank_exit,2,-0.0465876556906086,-0.0438631085873619,2.5
mom_10,5,no_max_holding,,5.0,left_tail,515030,signal_nonpositive,4,-0.04886155596397858,-0.11334774415281766,5.5
mom_10,5,no_max_holding,,5.0,left_tail,515030,stop_loss,1,-0.053186093520404196,-0.0325384642426505,3.0
mom_10,5,no_max_holding,,5.0,left_tail,515220,rank_exit,4,-0.07133151734254582,-0.17562595652183977,2.25
mom_10,5,no_max_holding,,5.0,left_tail,515220,signal_nonpositive,13,-0.05410645434296362,-0.38399414355679434,4.769230769230769
mom_10,5,no_max_holding,,5.0,left_tail,515220,stop_loss,4,-0.07609383218890874,-0.15048270863164778,3.5
mom_10,5,no_max_holding,,5.0,left_tail,515790,signal_nonpositive,3,-0.04496923756978771,-0.07618174732280913,3.6666666666666665
mom_10,5,no_max_holding,,5.0,left_tail,515790,stop_loss,1,-0.05649952801377084,-0.030985414886575337,2.0
mom_10,5,no_max_holding,,5.0,left_tail,588000,rank_exit,2,-0.044091822363400895,-0.053675533741639546,5.0
mom_10,5,no_max_holding,,5.0,left_tail,588000,signal_nonpositive,2,-0.06934117836884668,-0.08957456514828221,5.0
mom_10,5,no_max_holding,,5.0,left_tail,588000,stop_loss,2,-0.0875265227477666,-0.1048807378822706,2.0
mom_10,5,no_max_holding,,5.0,right_tail,159915,rank_exit,6,0.14695906656464816,0.3969037801551062,16.166666666666668
mom_10,5,no_max_holding,,5.0,right_tail,159915,signal_nonpositive,1,0.06505011956831512,0.018919930194631673,15.0
mom_10,5,no_max_holding,,5.0,right_tail,159928,rank_exit,5,0.09498300272589819,0.1748043289624407,13.8
mom_10,5,no_max_holding,,5.0,right_tail,159928,signal_nonpositive,2,0.05385534056313973,0.0395199687097322,14.0
mom_10,5,no_max_holding,,5.0,right_tail,510050,rank_exit,3,0.08352131040153833,0.08455034703654933,15.666666666666666
mom_10,5,no_max_holding,,5.0,right_tail,510050,signal_nonpositive,1,0.048131671868983546,0.016147984799333277,22.0
mom_10,5,no_max_holding,,5.0,right_tail,510500,rank_exit,1,0.08099780479117503,0.04727417341407858,8.0
mom_10,5,no_max_holding,,5.0,right_tail,510880,rank_exit,2,0.06427610058607053,0.05744734915801731,16.0
mom_10,5,no_max_holding,,5.0,right_tail,510880,signal_nonpositive,3,0.11996206584452888,0.1614569744251052,24.333333333333332
mom_10,5,no_max_holding,,5.0,right_tail,512010,rank_exit,8,0.07395467353891616,0.26102551912990923,12.625
mom_10,5,no_max_holding,,5.0,right_tail,512010,signal_nonpositive,5,0.07106534399775963,0.1419985965100711,15.2
mom_10,5,no_max_holding,,5.0,right_tail,512100,rank_exit,4,0.1024032204995031,0.17105185560023797,11.5
mom_10,5,no_max_holding,,5.0,right_tail,512400,rank_exit,7,0.10278357864914656,0.3314112547390276,11.857142857142858
mom_10,5,no_max_holding,,5.0,right_tail,512400,signal_nonpositive,2,0.13807608251918357,0.1629586760385684,22.5
mom_10,5,no_max_holding,,5.0,right_tail,512660,rank_exit,3,0.12053035166649619,0.20292974869035574,15.0
mom_10,5,no_max_holding,,5.0,right_tail,512660,signal_nonpositive,1,0.20497998423468655,0.0943602411857215,25.0
mom_10,5,no_max_holding,,5.0,right_tail,512760,rank_exit,6,0.1156669802672808,0.3325325242829434,14.166666666666666
mom_10,5,no_max_holding,,5.0,right_tail,512760,signal_nonpositive,6,0.16238929185769005,0.4751975493025491,21.333333333333332
mom_10,5,no_max_holding,,5.0,right_tail,512800,rank_exit,4,0.08007565185008265,0.17348506204464298,14.0
mom_10,5,no_max_holding,,5.0,right_tail,512880,rank_exit,2,0.05882851133047121,0.044583807645677945,10.5
mom_10,5,no_max_holding,,5.0,right_tail,512880,signal_nonpositive,5,0.18780586512481529,0.43646610482460313,15.0
mom_10,5,no_max_holding,,5.0,right_tail,515030,rank_exit,8,0.13451737095643432,0.5125331493283158,17.125
mom_10,5,no_max_holding,,5.0,right_tail,515030,signal_nonpositive,1,0.07892053973013498,0.042980058504382704,21.0
mom_10,5,no_max_holding,,5.0,right_tail,515220,rank_exit,3,0.13427987420473253,0.21536894621655064,7.0
mom_10,5,no_max_holding,,5.0,right_tail,515220,signal_nonpositive,4,0.12490424938160544,0.2704612777843487,21.25
mom_10,5,no_max_holding,,5.0,right_tail,515790,rank_exit,6,0.12951585180371136,0.37913420903991646,15.166666666666666
mom_10,5,no_max_holding,,5.0,right_tail,515790,signal_nonpositive,1,0.047145102147721454,0.02565437451418272,11.0
mom_10,5,no_max_holding,,5.0,right_tail,588000,rank_exit,4,0.07782362014298866,0.17149751011681078,14.25
mom_10,5,no_max_holding,,5.0,right_tail,588000,signal_nonpositive,2,0.1453658573810505,0.16140732292633891,18.0
mom_10,10,max_holding_10,10.0,5.0,left_tail,159915,signal_nonpositive,3,-0.06178463699867467,-0.08546961062552061,5.333333333333333
mom_10,10,max_holding_10,10.0,5.0,left_tail,159915,stop_loss,3,-0.08828503547077797,-0.14664933336986896,3.3333333333333335
mom_10,10,max_holding_10,10.0,5.0,left_tail,159928,signal_nonpositive,3,-0.07807455005274239,-0.10240528610308858,3.0
mom_10,10,max_holding_10,10.0,5.0,left_tail,159928,stop_loss,2,-0.06347109451275457,-0.05537481060897893,5.5
mom_10,10,max_holding_10,10.0,5.0,left_tail,510050,signal_nonpositive,4,-0.044484100480247105,-0.06795914095131125,6.0
mom_10,10,max_holding_10,10.0,5.0,left_tail,510050,stop_loss,1,-0.05524387127703121,-0.022081736201510216,2.0
mom_10,10,max_holding_10,10.0,5.0,left_tail,510300,signal_nonpositive,1,-0.042280512636243786,-0.01601348734959385,3.0
mom_10,10,max_holding_10,10.0,5.0,left_tail,510500,signal_nonpositive,3,-0.05345839789735138,-0.06789982369352165,4.333333333333333
mom_10,10,max_holding_10,10.0,5.0,left_tail,510880,rank_exit,1,-0.04069488434590649,-0.02166001357878912,4.0
mom_10,10,max_holding_10,10.0,5.0,left_tail,510880,signal_nonpositive,3,-0.0585531734333743,-0.0787121721002893,5.666666666666667
mom_10,10,max_holding_10,10.0,5.0,left_tail,512010,rank_exit,1,-0.06526269029228077,-0.03308648503454281,5.0
mom_10,10,max_holding_10,10.0,5.0,left_tail,512010,signal_nonpositive,4,-0.07574286362844146,-0.13696341211702984,3.5
mom_10,10,max_holding_10,10.0,5.0,left_tail,512100,signal_nonpositive,3,-0.0826016419116927,-0.11029167006515156,3.6666666666666665
mom_10,10,max_holding_10,10.0,5.0,left_tail,512100,stop_loss,1,-0.05754669834893862,-0.02737900744345043,8.0
mom_10,10,max_holding_10,10.0,5.0,left_tail,512400,rank_exit,5,-0.07184545395835101,-0.19969167883548164,1.6
mom_10,10,max_holding_10,10.0,5.0,left_tail,512400,signal_nonpositive,7,-0.05735632631453589,-0.20637039508948404,2.5714285714285716
mom_10,10,max_holding_10,10.0,5.0,left_tail,512400,stop_loss,4,-0.07170792292444798,-0.13533357386788686,3.0
mom_10,10,max_holding_10,10.0,5.0,left_tail,512660,signal_nonpositive,7,-0.04864994966899684,-0.1568416880934821,4.0
mom_10,10,max_holding_10,10.0,5.0,left_tail,512660,stop_loss,3,-0.0636305407293165,-0.09317236667481217,3.6666666666666665
mom_10,10,max_holding_10,10.0,5.0,left_tail,512760,rank_exit,2,-0.0457408327921601,-0.045232910573020826,4.0
mom_10,10,max_holding_10,10.0,5.0,left_tail,512760,signal_nonpositive,4,-0.046863971220093295,-0.08690968628627618,3.0
mom_10,10,max_holding_10,10.0,5.0,left_tail,512760,stop_loss,4,-0.06711475374703582,-0.15159688612972122,1.75
mom_10,10,max_holding_10,10.0,5.0,left_tail,512800,stop_loss,1,-0.05136927334652012,-0.026367671714346886,3.0
mom_10,10,max_holding_10,10.0,5.0,left_tail,512880,rank_exit,1,-0.04443430458683665,-0.02421721358824758,8.0
mom_10,10,max_holding_10,10.0,5.0,left_tail,512880,signal_nonpositive,6,-0.04727891080986383,-0.11993314991929842,4.166666666666667
mom_10,10,max_holding_10,10.0,5.0,left_tail,512880,stop_loss,3,-0.05749858511732294,-0.07121117513017747,3.0
mom_10,10,max_holding_10,10.0,5.0,left_tail,515030,rank_exit,3,-0.059099592295525416,-0.0947644832938363,5.333333333333333
mom_10,10,max_holding_10,10.0,5.0,left_tail,515030,signal_nonpositive,4,-0.050794984529189374,-0.10215471775277363,5.0
mom_10,10,max_holding_10,10.0,5.0,left_tail,515030,stop_loss,1,-0.05318609352040405,-0.029066277886754786,3.0
mom_10,10,max_holding_10,10.0,5.0,left_tail,515220,rank_exit,3,-0.07952360701338325,-0.12761250068032742,2.0
mom_10,10,max_holding_10,10.0,5.0,left_tail,515220,signal_nonpositive,14,-0.05860506663925557,-0.4184465554600703,4.428571428571429
mom_10,10,max_holding_10,10.0,5.0,left_tail,515220,stop_loss,5,-0.07404899826538934,-0.2014688287585164,3.4
mom_10,10,max_holding_10,10.0,5.0,left_tail,515790,signal_nonpositive,3,-0.04496923756978772,-0.07082664915345954,3.6666666666666665
mom_10,10,max_holding_10,10.0,5.0,left_tail,515790,stop_loss,4,-0.060147778832512544,-0.1337922200737376,2.25
mom_10,10,max_holding_10,10.0,5.0,left_tail,588000,rank_exit,2,-0.04409182236340092,-0.047122196980542735,5.0
mom_10,10,max_holding_10,10.0,5.0,left_tail,588000,signal_nonpositive,2,-0.04846990875238441,-0.05287474243752584,6.5
mom_10,10,max_holding_10,10.0,5.0,left_tail,588000,stop_loss,3,-0.0789397306270448,-0.13286687367944322,2.6666666666666665
mom_10,10,max_holding_10,10.0,5.0,right_tail,159915,max_holding,7,0.09814823757140013,0.2748314358493439,10.0
mom_10,10,max_holding_10,10.0,5.0,right_tail,159915,rank_exit,2,0.08871022204677956,0.08176655961532009,10.0
mom_10,10,max_holding_10,10.0,5.0,right_tail,159915,signal_nonpositive,1,0.08434225098506012,0.041905994814748077,2.0
mom_10,10,max_holding_10,10.0,5.0,right_tail,159928,max_holding,5,0.07548944604546956,0.14602964455917172,10.0
mom_10,10,max_holding_10,10.0,5.0,right_tail,159928,rank_exit,1,0.11060546021267306,0.05319332387225574,5.0
mom_10,10,max_holding_10,10.0,5.0,right_tail,510050,max_holding,3,0.07779750082630608,0.08934986411679646,10.0
mom_10,10,max_holding_10,10.0,5.0,right_tail,510050,rank_exit,1,0.057478577784278645,0.018377116234757043,9.0
mom_10,10,max_holding_10,10.0,5.0,right_tail,510500,max_holding,1,0.07691697326824083,0.041073883972112035,10.0
mom_10,10,max_holding_10,10.0,5.0,right_tail,510880,max_holding,6,0.07419839220101683,0.21259255454348194,10.0
mom_10,10,max_holding_10,10.0,5.0,right_tail,510880,rank_exit,1,0.06711417018763328,0.031369432425593216,10.0
mom_10,10,max_holding_10,10.0,5.0,right_tail,512010,max_holding,9,0.07593104695031631,0.2964183180929744,10.0
mom_10,10,max_holding_10,10.0,5.0,right_tail,512010,rank_exit,1,0.05954598458346586,0.023807490604007834,3.0
mom_10,10,max_holding_10,10.0,5.0,right_tail,512010,signal_nonpositive,1,0.0733597602493252,0.035720965185683226,5.0
mom_10,10,max_holding_10,10.0,5.0,right_tail,512100,max_holding,4,0.09133096390161662,0.14495919539690608,10.0
mom_10,10,max_holding_10,10.0,5.0,right_tail,512100,rank_exit,2,0.08714760266925345,0.06829684233211414,4.5
mom_10,10,max_holding_10,10.0,5.0,right_tail,512400,max_holding,8,0.10014909287817642,0.38613541045416333,10.0
mom_10,10,max_holding_10,10.0,5.0,right_tail,512400,rank_exit,2,0.13947781419934163,0.12710651548087087,6.5
mom_10,10,max_holding_10,10.0,5.0,right_tail,512660,max_holding,5,0.0913008305698867,0.2256902435859406,10.0
mom_10,10,max_holding_10,10.0,5.0,right_tail,512660,rank_exit,2,0.057216653342352944,0.058851857078963794,8.5
mom_10,10,max_holding_10,10.0,5.0,right_tail,512760,max_holding,15,0.12824570114974373,0.9299696959448791,10.0
mom_10,10,max_holding_10,10.0,5.0,right_tail,512760,rank_exit,1,0.060391591913540335,0.025817427561741633,2.0
mom_10,10,max_holding_10,10.0,5.0,right_tail,512760,signal_nonpositive,1,0.10093932625523981,0.05171370416346262,8.0
mom_10,10,max_holding_10,10.0,5.0,right_tail,512800,max_holding,1,0.07812925220558037,0.037067083113744424,10.0
mom_10,10,max_holding_10,10.0,5.0,right_tail,512800,rank_exit,1,0.10373442311102526,0.045187992963382245,3.0
mom_10,10,max_holding_10,10.0,5.0,right_tail,512880,max_holding,6,0.2101196574802867,0.5327143310342893,10.0
mom_10,10,max_holding_10,10.0,5.0,right_tail,515030,max_holding,11,0.09821738836078908,0.5132900011427866,10.0
mom_10,10,max_holding_10,10.0,5.0,right_tail,515220,max_holding,7,0.1060081220082887,0.37378260852222756,10.0
mom_10,10,max_holding_10,10.0,5.0,right_tail,515220,rank_exit,2,0.14667529416474825,0.13883775254202865,4.5
mom_10,10,max_holding_10,10.0,5.0,right_tail,515220,signal_nonpositive,1,0.07035767830370537,0.033546373983679,6.0
mom_10,10,max_holding_10,10.0,5.0,right_tail,515790,max_holding,6,0.07501611542670607,0.22297170176244735,10.0
mom_10,10,max_holding_10,10.0,5.0,right_tail,515790,rank_exit,1,0.05846481521144186,0.03198456157278926,10.0
mom_10,10,max_holding_10,10.0,5.0,right_tail,588000,max_holding,8,0.09951918018366401,0.40836236205105547,10.0
mom_10,10,max_holding_10,10.0,5.0,right_tail,588000,signal_nonpositive,1,0.08312685762381976,0.042580839563372615,7.0
mom_10,10,no_max_holding,,5.0,left_tail,159915,signal_nonpositive,3,-0.04996196031592123,-0.07132013121286607,7.0
mom_10,10,no_max_holding,,5.0,left_tail,159915,stop_loss,3,-0.08828503547077803,-0.16379947054779892,3.3333333333333335
mom_10,10,no_max_holding,,5.0,left_tail,159928,signal_nonpositive,4,-0.06828996956167857,-0.11757729672622726,3.25
mom_10,10,no_max_holding,,5.0,left_tail,159928,stop_loss,2,-0.06347109451275458,-0.05703347771913845,5.5
mom_10,10,no_max_holding,,5.0,left_tail,510050,signal_nonpositive,4,-0.044484100480247035,-0.06840248126752546,6.0
mom_10,10,no_max_holding,,5.0,left_tail,510500,signal_nonpositive,3,-0.053458397897351385,-0.06951222294668422,4.333333333333333
mom_10,10,no_max_holding,,5.0,left_tail,510880,signal_nonpositive,3,-0.05758631774608477,-0.07385460961416634,5.666666666666667
mom_10,10,no_max_holding,,5.0,left_tail,512010,rank_exit,1,-0.06526269029228073,-0.031154673374177815,5.0
mom_10,10,no_max_holding,,5.0,left_tail,512010,signal_nonpositive,4,-0.07462334925135082,-0.12240861650945915,3.0
mom_10,10,no_max_holding,,5.0,left_tail,512100,signal_nonpositive,3,-0.08260164191169266,-0.10282555489652821,3.6666666666666665
mom_10,10,no_max_holding,,5.0,left_tail,512100,stop_loss,2,-0.06302311618285714,-0.05741622187575295,6.0
mom_10,10,no_max_holding,,5.0,left_tail,512400,rank_exit,3,-0.0774926523784653,-0.1370862389101968,1.3333333333333333
mom_10,10,no_max_holding,,5.0,left_tail,512400,signal_nonpositive,7,-0.050203936221198,-0.18178203349112587,2.2857142857142856
mom_10,10,no_max_holding,,5.0,left_tail,512400,stop_loss,4,-0.066918700658376,-0.1253403311360048,3.5
mom_10,10,no_max_holding,,5.0,left_tail,512660,signal_nonpositive,5,-0.050119243105462084,-0.12365838720327706,4.6
mom_10,10,no_max_holding,,5.0,left_tail,512760,rank_exit,2,-0.045740832792160124,-0.05024242355285022,4.0
mom_10,10,no_max_holding,,5.0,left_tail,512760,signal_nonpositive,3,-0.04062247117507548,-0.055453636516136356,3.3333333333333335
mom_10,10,no_max_holding,,5.0,left_tail,512760,stop_loss,2,-0.0687138198382577,-0.08040205513135452,2.0
mom_10,10,no_max_holding,,5.0,left_tail,512800,signal_nonpositive,3,-0.03981338798088869,-0.05846162086784445,5.333333333333333
mom_10,10,no_max_holding,,5.0,left_tail,512880,rank_exit,1,-0.05045497053453477,-0.029448679577751376,3.0
mom_10,10,no_max_holding,,5.0,left_tail,512880,signal_nonpositive,6,-0.04279858087156596,-0.10246029606825752,3.5
mom_10,10,no_max_holding,,5.0,left_tail,515030,rank_exit,2,-0.0465876556906086,-0.0438631085873619,2.5
mom_10,10,no_max_holding,,5.0,left_tail,515030,signal_nonpositive,4,-0.04886155596397858,-0.11334774415281766,5.5
mom_10,10,no_max_holding,,5.0,left_tail,515030,stop_loss,1,-0.053186093520404196,-0.0325384642426505,3.0
mom_10,10,no_max_holding,,5.0,left_tail,515220,rank_exit,4,-0.07133151734254582,-0.17562595652183977,2.25
mom_10,10,no_max_holding,,5.0,left_tail,515220,signal_nonpositive,13,-0.05410645434296362,-0.38399414355679434,4.769230769230769
mom_10,10,no_max_holding,,5.0,left_tail,515220,stop_loss,4,-0.07609383218890874,-0.15048270863164778,3.5
mom_10,10,no_max_holding,,5.0,left_tail,515790,signal_nonpositive,3,-0.04496923756978771,-0.07618174732280913,3.6666666666666665
mom_10,10,no_max_holding,,5.0,left_tail,515790,stop_loss,1,-0.05649952801377084,-0.030985414886575337,2.0
mom_10,10,no_max_holding,,5.0,left_tail,588000,rank_exit,2,-0.044091822363400895,-0.053675533741639546,5.0
mom_10,10,no_max_holding,,5.0,left_tail,588000,signal_nonpositive,2,-0.06934117836884668,-0.08957456514828221,5.0
mom_10,10,no_max_holding,,5.0,left_tail,588000,stop_loss,2,-0.0875265227477666,-0.1048807378822706,2.0
mom_10,10,no_max_holding,,5.0,right_tail,159915,rank_exit,6,0.14695906656464816,0.3969037801551062,16.166666666666668
mom_10,10,no_max_holding,,5.0,right_tail,159915,signal_nonpositive,1,0.06505011956831512,0.018919930194631673,15.0
mom_10,10,no_max_holding,,5.0,right_tail,159928,rank_exit,5,0.09498300272589819,0.1748043289624407,13.8
mom_10,10,no_max_holding,,5.0,right_tail,159928,signal_nonpositive,2,0.05385534056313973,0.0395199687097322,14.0
mom_10,10,no_max_holding,,5.0,right_tail,510050,rank_exit,3,0.08352131040153833,0.08455034703654933,15.666666666666666
mom_10,10,no_max_holding,,5.0,right_tail,510050,signal_nonpositive,1,0.048131671868983546,0.016147984799333277,22.0
mom_10,10,no_max_holding,,5.0,right_tail,510500,rank_exit,1,0.08099780479117503,0.04727417341407858,8.0
mom_10,10,no_max_holding,,5.0,right_tail,510880,rank_exit,2,0.06427610058607053,0.05744734915801731,16.0
mom_10,10,no_max_holding,,5.0,right_tail,510880,signal_nonpositive,3,0.11996206584452888,0.1614569744251052,24.333333333333332
mom_10,10,no_max_holding,,5.0,right_tail,512010,rank_exit,8,0.07395467353891616,0.26102551912990923,12.625
mom_10,10,no_max_holding,,5.0,right_tail,512010,signal_nonpositive,5,0.07106534399775963,0.1419985965100711,15.2
mom_10,10,no_max_holding,,5.0,right_tail,512100,rank_exit,4,0.1024032204995031,0.17105185560023797,11.5
mom_10,10,no_max_holding,,5.0,right_tail,512400,rank_exit,7,0.10278357864914656,0.3314112547390276,11.857142857142858
mom_10,10,no_max_holding,,5.0,right_tail,512400,signal_nonpositive,2,0.13807608251918357,0.1629586760385684,22.5
mom_10,10,no_max_holding,,5.0,right_tail,512660,rank_exit,3,0.12053035166649619,0.20292974869035574,15.0
mom_10,10,no_max_holding,,5.0,right_tail,512660,signal_nonpositive,1,0.20497998423468655,0.0943602411857215,25.0
mom_10,10,no_max_holding,,5.0,right_tail,512760,rank_exit,6,0.1156669802672808,0.3325325242829434,14.166666666666666
mom_10,10,no_max_holding,,5.0,right_tail,512760,signal_nonpositive,6,0.16238929185769005,0.4751975493025491,21.333333333333332
mom_10,10,no_max_holding,,5.0,right_tail,512800,rank_exit,4,0.08007565185008265,0.17348506204464298,14.0
mom_10,10,no_max_holding,,5.0,right_tail,512880,rank_exit,2,0.05882851133047121,0.044583807645677945,10.5
mom_10,10,no_max_holding,,5.0,right_tail,512880,signal_nonpositive,5,0.18780586512481529,0.43646610482460313,15.0
mom_10,10,no_max_holding,,5.0,right_tail,515030,rank_exit,8,0.13451737095643432,0.5125331493283158,17.125
mom_10,10,no_max_holding,,5.0,right_tail,515030,signal_nonpositive,1,0.07892053973013498,0.042980058504382704,21.0
mom_10,10,no_max_holding,,5.0,right_tail,515220,rank_exit,3,0.13427987420473253,0.21536894621655064,7.0
mom_10,10,no_max_holding,,5.0,right_tail,515220,signal_nonpositive,4,0.12490424938160544,0.2704612777843487,21.25
mom_10,10,no_max_holding,,5.0,right_tail,515790,rank_exit,6,0.12951585180371136,0.37913420903991646,15.166666666666666
mom_10,10,no_max_holding,,5.0,right_tail,515790,signal_nonpositive,1,0.047145102147721454,0.02565437451418272,11.0
mom_10,10,no_max_holding,,5.0,right_tail,588000,rank_exit,4,0.07782362014298866,0.17149751011681078,14.25
mom_10,10,no_max_holding,,5.0,right_tail,588000,signal_nonpositive,2,0.1453658573810505,0.16140732292633891,18.0
reversal_5,5,max_holding_5,5.0,5.0,left_tail,159915,rank_exit,2,-0.061518929359472715,-0.03495472460003533,3.0
reversal_5,5,max_holding_5,5.0,5.0,left_tail,159915,stop_loss,8,-0.06422792967138097,-0.16276423895345365,3.125
reversal_5,5,max_holding_5,5.0,5.0,left_tail,159928,max_holding,2,-0.044841641821354715,-0.030533693688135195,5.0
reversal_5,5,max_holding_5,5.0,5.0,left_tail,159928,rank_exit,4,-0.044571068584012406,-0.05645855392751423,2.75
reversal_5,5,max_holding_5,5.0,5.0,left_tail,159928,stop_loss,9,-0.15532111436295581,-0.5088372456359966,3.111111111111111
reversal_5,5,max_holding_5,5.0,5.0,left_tail,510050,max_holding,2,-0.08377264061307617,-0.05528715797148765,5.0
reversal_5,5,max_holding_5,5.0,5.0,left_tail,510050,stop_loss,4,-0.05393544478599916,-0.06953433589732323,2.75
reversal_5,5,max_holding_5,5.0,5.0,left_tail,510300,stop_loss,1,-0.06298128308108722,-0.016905874133135285,3.0
reversal_5,5,max_holding_5,5.0,5.0,left_tail,510500,max_holding,1,-0.038996349685695986,-0.01299982109294228,5.0
reversal_5,5,max_holding_5,5.0,5.0,left_tail,510500,rank_exit,1,-0.04678702315508896,-0.011115888104650501,4.0
reversal_5,5,max_holding_5,5.0,5.0,left_tail,510500,stop_loss,3,-0.06654594950919401,-0.05214313696478554,3.6666666666666665
reversal_5,5,max_holding_5,5.0,5.0,left_tail,510880,max_holding,3,-0.04119025436509836,-0.03635987910611478,5.0
reversal_5,5,max_holding_5,5.0,5.0,left_tail,510880,rank_exit,1,-0.0382756383002529,-0.011508683333049923,1.0
reversal_5,5,max_holding_5,5.0,5.0,left_tail,510880,stop_loss,6,-0.05762381554027433,-0.1038753055982123,3.5
reversal_5,5,max_holding_5,5.0,5.0,left_tail,512010,max_holding,2,-0.04353980705741643,-0.029279546120268906,5.0
reversal_5,5,max_holding_5,5.0,5.0,left_tail,512010,rank_exit,4,-0.04239789865843381,-0.0546195208192892,2.75
reversal_5,5,max_holding_5,5.0,5.0,left_tail,512010,stop_loss,8,-0.06029939884296226,-0.14737938065223777,3.75
reversal_5,5,max_holding_5,5.0,5.0,left_tail,512100,max_holding,1,-0.04095952023988023,-0.011204378299011615,5.0
reversal_5,5,max_holding_5,5.0,5.0,left_tail,512100,rank_exit,1,-0.05267193989212268,-0.014769166464289381,4.0
reversal_5,5,max_holding_5,5.0,5.0,left_tail,512100,stop_loss,7,-0.08345349457082023,-0.16667381717334856,3.0
reversal_5,5,max_holding_5,5.0,5.0,left_tail,512400,max_holding,1,-0.04177503085192109,-0.013353808393403072,5.0
reversal_5,5,max_holding_5,5.0,5.0,left_tail,512400,rank_exit,4,-0.05189988544222521,-0.06640095016340813,3.75
reversal_5,5,max_holding_5,5.0,5.0,left_tail,512400,stop_loss,18,-0.06213247541283478,-0.3261166811416917,3.111111111111111
reversal_5,5,max_holding_5,5.0,5.0,left_tail,512660,max_holding,4,-0.046372350249657246,-0.05895799991379033,5.0
reversal_5,5,max_holding_5,5.0,5.0,left_tail,512660,rank_exit,1,-0.09065339125309133,-0.029060147546175728,4.0
reversal_5,5,max_holding_5,5.0,5.0,left_tail,512660,stop_loss,16,-0.05979380228966906,-0.29175009258751716,3.1875
reversal_5,5,max_holding_5,5.0,5.0,left_tail,512760,max_holding,1,-0.05357847392093415,-0.020311779655922256,5.0
reversal_5,5,max_holding_5,5.0,5.0,left_tail,512760,rank_exit,4,-0.05591016179701574,-0.07132670381614764,3.0
reversal_5,5,max_holding_5,5.0,5.0,left_tail,512760,signal_nonpositive,1,-0.05388776200135214,-0.01807431742321989,3.0
reversal_5,5,max_holding_5,5.0,5.0,left_tail,512760,stop_loss,17,-0.08348653251278404,-0.3931997134339458,3.1176470588235294
reversal_5,5,max_holding_5,5.0,5.0,left_tail,512800,rank_exit,2,-0.08414875492036072,-0.05668292470153069,4.0
reversal_5,5,max_holding_5,5.0,5.0,left_tail,512800,signal_nonpositive,1,-0.48901698575999364,-0.12552980287128454,1.0
reversal_5,5,max_holding_5,5.0,5.0,left_tail,512880,max_holding,3,-0.04088708867232919,-0.03429450813443364,5.0
reversal_5,5,max_holding_5,5.0,5.0,left_tail,512880,rank_exit,2,-0.05887736616484099,-0.034666062080944506,3.5
reversal_5,5,max_holding_5,5.0,5.0,left_tail,512880,stop_loss,2,-0.07617572320161745,-0.04337665404482348,2.5
reversal_5,5,max_holding_5,5.0,5.0,left_tail,515030,max_holding,3,-0.050876661632715425,-0.04203059587799309,5.0
reversal_5,5,max_holding_5,5.0,5.0,left_tail,515030,rank_exit,1,-0.04381380738202333,-0.008282235984831842,4.0
reversal_5,5,max_holding_5,5.0,5.0,left_tail,515030,stop_loss,11,-0.0736947633199664,-0.24709201583015994,2.8181818181818183
reversal_5,5,max_holding_5,5.0,5.0,left_tail,515220,max_holding,3,-0.04674796757999603,-0.03362382491729274,5.0
reversal_5,5,max_holding_5,5.0,5.0,left_tail,515220,rank_exit,2,-0.04887852666441818,-0.028363765454536893,3.5
reversal_5,5,max_holding_5,5.0,5.0,left_tail,515220,stop_loss,13,-0.06781223818513542,-0.25568384970860164,3.3076923076923075
reversal_5,5,max_holding_5,5.0,5.0,left_tail,515790,max_holding,3,-0.04272934322917044,-0.036425378682459666,5.0
reversal_5,5,max_holding_5,5.0,5.0,left_tail,515790,rank_exit,2,-0.0610868624679517,-0.03044811482967033,4.0
reversal_5,5,max_holding_5,5.0,5.0,left_tail,515790,stop_loss,11,-0.07197952839611266,-0.20931280968099938,2.909090909090909
reversal_5,5,max_holding_5,5.0,5.0,left_tail,588000,max_holding,4,-0.046882114797486274,-0.05258048040397835,5.0
reversal_5,5,max_holding_5,5.0,5.0,left_tail,588000,rank_exit,2,-0.04092079487562118,-0.01880064534523601,4.5
reversal_5,5,max_holding_5,5.0,5.0,left_tail,588000,signal_nonpositive,1,-0.05451738416506039,-0.014403203704838587,1.0
reversal_5,5,max_holding_5,5.0,5.0,left_tail,588000,stop_loss,4,-0.06344217609194813,-0.07809825540380741,3.75
reversal_5,5,max_holding_5,5.0,5.0,right_tail,159915,rank_exit,2,0.04180239693817681,0.02685586477536727,2.0
reversal_5,5,max_holding_5,5.0,5.0,right_tail,159915,signal_nonpositive,4,0.06395075350460941,0.058692161064615125,2.75
reversal_5,5,max_holding_5,5.0,5.0,right_tail,159928,rank_exit,1,0.10314340899048549,0.030027858188269283,3.0
reversal_5,5,max_holding_5,5.0,5.0,right_tail,159928,signal_nonpositive,10,0.0473537382921473,0.1306903961930363,2.2
reversal_5,5,max_holding_5,5.0,5.0,right_tail,510050,max_holding,1,0.035698477291966194,0.01030238759395698,5.0
reversal_5,5,max_holding_5,5.0,5.0,right_tail,510300,rank_exit,1,0.0481316718689835,0.013256172939459453,2.0
reversal_5,5,max_holding_5,5.0,5.0,right_tail,510300,signal_nonpositive,3,0.05407372054576672,0.04174518621103644,3.3333333333333335
reversal_5,5,max_holding_5,5.0,5.0,right_tail,510500,rank_exit,1,0.03875311479208482,0.011465542249758154,1.0
reversal_5,5,max_holding_5,5.0,5.0,right_tail,510500,signal_nonpositive,3,0.04924758834769639,0.0395535043682523,1.6666666666666667
reversal_5,5,max_holding_5,5.0,5.0,right_tail,510880,rank_exit,2,0.05307568918912014,0.03076372473770648,2.0
reversal_5,5,max_holding_5,5.0,5.0,right_tail,510880,signal_nonpositive,4,0.04209360382019977,0.050159977358625346,3.0
reversal_5,5,max_holding_5,5.0,5.0,right_tail,512010,signal_nonpositive,11,0.04419705922685605,0.12978758690514416,2.0
reversal_5,5,max_holding_5,5.0,5.0,right_tail,512100,max_holding,1,0.04657195211917837,0.011485770655892989,5.0
reversal_5,5,max_holding_5,5.0,5.0,right_tail,512100,rank_exit,1,0.03532779065012929,0.010164808866980466,3.0
reversal_5,5,max_holding_5,5.0,5.0,right_tail,512100,signal_nonpositive,11,0.06014687433299411,0.19441141766940967,3.090909090909091
reversal_5,5,max_holding_5,5.0,5.0,right_tail,512400,rank_exit,7,0.045549082612884005,0.07702929051294478,2.7142857142857144
reversal_5,5,max_holding_5,5.0,5.0,right_tail,512400,signal_nonpositive,20,0.04472040158584464,0.2600945183180706,2.5
reversal_5,5,max_holding_5,5.0,5.0,right_tail,512660,rank_exit,1,0.032580348481221585,0.00901382020104763,2.0
reversal_5,5,max_holding_5,5.0,5.0,right_tail,512660,signal_nonpositive,15,0.05377718094653403,0.23580673675061328,2.2
reversal_5,5,max_holding_5,5.0,5.0,right_tail,512760,rank_exit,2,0.033917316852553225,0.01703919705234124,2.5
reversal_5,5,max_holding_5,5.0,5.0,right_tail,512760,signal_nonpositive,16,0.05434283929507837,0.24342234206582608,3.25
reversal_5,5,max_holding_5,5.0,5.0,right_tail,512800,signal_nonpositive,2,0.041846195670493254,0.02660972282778532,1.0
reversal_5,5,max_holding_5,5.0,5.0,right_tail,512880,rank_exit,2,0.06519443530267399,0.03594422508377229,2.0
reversal_5,5,max_holding_5,5.0,5.0,right_tail,512880,signal_nonpositive,10,0.05155085037291527,0.15588458485334075,2.4
reversal_5,5,max_holding_5,5.0,5.0,right_tail,515030,rank_exit,7,0.045559303053960575,0.09707499176766074,2.2857142857142856
reversal_5,5,max_holding_5,5.0,5.0,right_tail,515030,signal_nonpositive,17,0.05801993012381151,0.2904803369118378,2.4705882352941178
reversal_5,5,max_holding_5,5.0,5.0,right_tail,515220,rank_exit,3,0.043624379034326255,0.043408274962019044,1.6666666666666667
reversal_5,5,max_holding_5,5.0,5.0,right_tail,515220,signal_nonpositive,23,0.05965946618407152,0.4157130632727539,2.347826086956522
reversal_5,5,max_holding_5,5.0,5.0,right_tail,515790,rank_exit,5,0.04387623648493208,0.06623359117997024,1.6
reversal_5,5,max_holding_5,5.0,5.0,right_tail,515790,signal_nonpositive,12,0.04585842846528133,0.1552517702634157,2.9166666666666665
reversal_5,5,max_holding_5,5.0,5.0,right_tail,588000,signal_nonpositive,9,0.06001449653324678,0.1385240935387433,2.4444444444444446
reversal_5,5,no_max_holding,,5.0,left_tail,159915,rank_exit,3,-0.057589696887982954,-0.05127204026286174,5.333333333333333
reversal_5,5,no_max_holding,,5.0,left_tail,159915,stop_loss,8,-0.06422792967138101,-0.16743614385096983,3.125
reversal_5,5,no_max_holding,,5.0,left_tail,159928,rank_exit,4,-0.046708067420903415,-0.05870398330957773,3.5
reversal_5,5,no_max_holding,,5.0,left_tail,159928,stop_loss,11,-0.14151147289676283,-0.6004933813130658,3.6363636363636362
reversal_5,5,no_max_holding,,5.0,left_tail,510050,rank_exit,1,-0.12131707868693375,-0.04359833962027607,6.0
reversal_5,5,no_max_holding,,5.0,left_tail,510050,stop_loss,4,-0.05393544478599917,-0.07381773172987599,2.75
reversal_5,5,no_max_holding,,5.0,left_tail,510300,stop_loss,1,-0.06298128308108726,-0.017624914319718396,3.0
reversal_5,5,no_max_holding,,5.0,left_tail,510500,rank_exit,1,-0.046787023155089105,-0.011451857252377963,4.0
reversal_5,5,no_max_holding,,5.0,left_tail,510500,stop_loss,3,-0.06654594950919399,-0.05448343364762011,3.6666666666666665
reversal_5,5,no_max_holding,,5.0,left_tail,510880,rank_exit,1,-0.04321078897171127,-0.017597913425458116,6.0
reversal_5,5,no_max_holding,,5.0,left_tail,510880,stop_loss,7,-0.05834415585813728,-0.12086183636618736,3.857142857142857
reversal_5,5,no_max_holding,,5.0,left_tail,512010,rank_exit,2,-0.0447323412761704,-0.028368193795262016,3.0
reversal_5,5,no_max_holding,,5.0,left_tail,512010,stop_loss,10,-0.06192811405118439,-0.20456645237671245,4.5
reversal_5,5,no_max_holding,,5.0,left_tail,512100,rank_exit,1,-0.05267193989212276,-0.015307767839352851,4.0
reversal_5,5,no_max_holding,,5.0,left_tail,512100,stop_loss,7,-0.08518709373630691,-0.17689223491459438,3.142857142857143
reversal_5,5,no_max_holding,,5.0,left_tail,512400,rank_exit,4,-0.05314606458613966,-0.07240244115221592,4.75
reversal_5,5,no_max_holding,,5.0,left_tail,512400,stop_loss,17,-0.06349696054956115,-0.3285942489225932,3.176470588235294
reversal_5,5,no_max_holding,,5.0,left_tail,512660,rank_exit,1,-0.09065339125309144,-0.03083173041388952,4.0
reversal_5,5,no_max_holding,,5.0,left_tail,512660,stop_loss,18,-0.06536932668229277,-0.3770160122315133,4.166666666666667
reversal_5,5,no_max_holding,,5.0,left_tail,512760,rank_exit,6,-0.05202463135491872,-0.10618041815328191,4.666666666666667
reversal_5,5,no_max_holding,,5.0,left_tail,512760,signal_nonpositive,1,-0.05388776200135216,-0.018702755801662318,3.0
reversal_5,5,no_max_holding,,5.0,left_tail,512760,stop_loss,17,-0.08724415811692438,-0.4356554700116144,3.8823529411764706
reversal_5,5,no_max_holding,,5.0,left_tail,512800,rank_exit,2,-0.08414875492036067,-0.05973366876581637,4.0
reversal_5,5,no_max_holding,,5.0,left_tail,512800,signal_nonpositive,1,-0.4890169857599936,-0.12803193182852765,1.0
reversal_5,5,no_max_holding,,5.0,left_tail,512880,rank_exit,2,-0.05887736616484101,-0.03575394826576926,3.5
reversal_5,5,no_max_holding,,5.0,left_tail,512880,signal_nonpositive,1,-0.047107215622957756,-0.010690828609895366,6.0
reversal_5,5,no_max_holding,,5.0,left_tail,512880,stop_loss,5,-0.0641387366233718,-0.10045568784901862,5.2
reversal_5,5,no_max_holding,,5.0,left_tail,515030,rank_exit,2,-0.0467343607445007,-0.02476290906984907,6.5
reversal_5,5,no_max_holding,,5.0,left_tail,515030,stop_loss,13,-0.07532403855018073,-0.31370858112375044,4.153846153846154
reversal_5,5,no_max_holding,,5.0,left_tail,515220,rank_exit,2,-0.04887852666441814,-0.02994974084883357,3.5
reversal_5,5,no_max_holding,,5.0,left_tail,515220,stop_loss,13,-0.0691193176797016,-0.2780795015941651,3.5384615384615383
reversal_5,5,no_max_holding,,5.0,left_tail,515790,rank_exit,3,-0.06036209921168697,-0.04568208855427185,5.333333333333333
reversal_5,5,no_max_holding,,5.0,left_tail,515790,stop_loss,15,-0.06594784027811439,-0.27645725416977796,3.8
reversal_5,5,no_max_holding,,5.0,left_tail,588000,rank_exit,2,-0.05239072933624664,-0.027948972568727165,5.5
reversal_5,5,no_max_holding,,5.0,left_tail,588000,signal_nonpositive,1,-0.054517384165060315,-0.015009897409544998,1.0
reversal_5,5,no_max_holding,,5.0,left_tail,588000,stop_loss,5,-0.059335042736104994,-0.0943654467991475,6.2
reversal_5,5,no_max_holding,,5.0,right_tail,159915,rank_exit,2,0.04180239693817682,0.02841192831236272,2.0
reversal_5,5,no_max_holding,,5.0,right_tail,159915,signal_nonpositive,4,0.06395075350460949,0.061108604988621515,2.75
reversal_5,5,no_max_holding,,5.0,right_tail,159928,rank_exit,1,0.10314340899048537,0.032049739175081395,3.0
reversal_5,5,no_max_holding,,5.0,right_tail,159928,signal_nonpositive,11,0.04672638050598126,0.15217945271287736,2.272727272727273
reversal_5,5,no_max_holding,,5.0,right_tail,510050,signal_nonpositive,1,0.04793113647257993,0.014179210759729933,6.0
reversal_5,5,no_max_holding,,5.0,right_tail,510300,rank_exit,1,0.04813167186898379,0.014200460694418668,2.0
reversal_5,5,no_max_holding,,5.0,right_tail,510300,signal_nonpositive,3,0.05905493421774366,0.04760650878609486,3.6666666666666665
reversal_5,5,no_max_holding,,5.0,right_tail,510500,rank_exit,1,0.03875311479208478,0.011848298621051625,1.0
reversal_5,5,no_max_holding,,5.0,right_tail,510500,signal_nonpositive,2,0.05507225935585455,0.030904629013380987,2.0
reversal_5,5,no_max_holding,,5.0,right_tail,510880,rank_exit,1,0.07439676388220964,0.023033678834050286,3.0
reversal_5,5,no_max_holding,,5.0,right_tail,510880,signal_nonpositive,4,0.04610098160128851,0.057397557779888836,4.0
reversal_5,5,no_max_holding,,5.0,right_tail,512010,signal_nonpositive,9,0.04633541466996893,0.11643023039154965,1.8888888888888888
reversal_5,5,no_max_holding,,5.0,right_tail,512100,rank_exit,2,0.03491288504340352,0.019125227923947982,3.0
reversal_5,5,no_max_holding,,5.0,right_tail,512100,signal_nonpositive,13,0.060802931629083234,0.23980489018555592,3.3846153846153846
reversal_5,5,no_max_holding,,5.0,right_tail,512400,rank_exit,5,0.048930731941414105,0.06227682956229287,2.6
reversal_5,5,no_max_holding,,5.0,right_tail,512400,signal_nonpositive,18,0.04411236092219394,0.24666216411181086,2.5
reversal_5,5,no_max_holding,,5.0,right_tail,512660,rank_exit,1,0.03258034848122166,0.009442728506604093,2.0
reversal_5,5,no_max_holding,,5.0,right_tail,512660,signal_nonpositive,16,0.052463014426974125,0.2565240674645858,2.125
reversal_5,5,no_max_holding,,5.0,right_tail,512760,rank_exit,1,0.036346312824896136,0.00956098566024148,1.0
reversal_5,5,no_max_holding,,5.0,right_tail,512760,signal_nonpositive,15,0.055866473856069576,0.24370962729480244,3.4
reversal_5,5,no_max_holding,,5.0,right_tail,512800,signal_nonpositive,1,0.04440961337513066,0.012529426355195659,1.0
reversal_5,5,no_max_holding,,5.0,right_tail,512880,rank_exit,1,0.09890054972513743,0.026966879851563274,3.0
reversal_5,5,no_max_holding,,5.0,right_tail,512880,signal_nonpositive,10,0.05155085037291531,0.16435698177970887,2.4
reversal_5,5,no_max_holding,,5.0,right_tail,515030,rank_exit,7,0.04555930305396056,0.10328817244823073,2.2857142857142856
reversal_5,5,no_max_holding,,5.0,right_tail,515030,signal_nonpositive,15,0.06099434712315112,0.2810564840577574,2.533333333333333
reversal_5,5,no_max_holding,,5.0,right_tail,515220,rank_exit,3,0.04362437903432619,0.046584321344751795,1.6666666666666667
reversal_5,5,no_max_holding,,5.0,right_tail,515220,signal_nonpositive,21,0.06103406479500552,0.4116528396492845,2.380952380952381
reversal_5,5,no_max_holding,,5.0,right_tail,515790,rank_exit,5,0.043876236484932093,0.070200702675533,1.6
reversal_5,5,no_max_holding,,5.0,right_tail,515790,signal_nonpositive,11,0.04653331014363247,0.15314747278582896,3.090909090909091
reversal_5,5,no_max_holding,,5.0,right_tail,588000,signal_nonpositive,10,0.059749841659276916,0.15820215988320768,2.7
reversal_5,10,max_holding_10,10.0,5.0,left_tail,159915,max_holding,1,-0.044911610129001474,-0.015169818215190126,10.0
reversal_5,10,max_holding_10,10.0,5.0,left_tail,159915,rank_exit,3,-0.05758969688798293,-0.051819385264352036,5.333333333333333
reversal_5,10,max_holding_10,10.0,5.0,left_tail,159915,stop_loss,8,-0.06422792967138102,-0.16873513282776015,3.125
reversal_5,10,max_holding_10,10.0,5.0,left_tail,159928,rank_exit,4,-0.046708067420903374,-0.05933066661820633,3.5
reversal_5,10,max_holding_10,10.0,5.0,left_tail,159928,stop_loss,11,-0.14151147289676283,-0.6069038352174686,3.6363636363636362
reversal_5,10,max_holding_10,10.0,5.0,left_tail,510050,rank_exit,1,-0.12131707868693385,-0.04406376547698265,6.0
reversal_5,10,max_holding_10,10.0,5.0,left_tail,510050,stop_loss,4,-0.05393544478599917,-0.07460575901095469,2.75
reversal_5,10,max_holding_10,10.0,5.0,left_tail,510300,stop_loss,1,-0.06298128308108741,-0.017813065770394775,3.0
reversal_5,10,max_holding_10,10.0,5.0,left_tail,510500,rank_exit,1,-0.046787023155089126,-0.011574109395899763,4.0
reversal_5,10,max_holding_10,10.0,5.0,left_tail,510500,stop_loss,3,-0.06654594950919401,-0.05506350388967659,3.6666666666666665
reversal_5,10,max_holding_10,10.0,5.0,left_tail,510880,rank_exit,1,-0.04321078897171114,-0.017785776633177174,6.0
reversal_5,10,max_holding_10,10.0,5.0,left_tail,510880,stop_loss,7,-0.05834415585813729,-0.12215093335960903,3.857142857142857
reversal_5,10,max_holding_10,10.0,5.0,left_tail,512010,rank_exit,2,-0.04473234127617039,-0.02867103310096429,3.0
reversal_5,10,max_holding_10,10.0,5.0,left_tail,512010,stop_loss,10,-0.06192811405118437,-0.20674906103114238,4.5
reversal_5,10,max_holding_10,10.0,5.0,left_tail,512100,rank_exit,1,-0.052671939892122606,-0.015471183029540049,4.0
reversal_5,10,max_holding_10,10.0,5.0,left_tail,512100,stop_loss,7,-0.08518709373630688,-0.178529128474598,3.142857142857143
reversal_5,10,max_holding_10,10.0,5.0,left_tail,512400,rank_exit,4,-0.053146064586139706,-0.07317535976550293,4.75
reversal_5,10,max_holding_10,10.0,5.0,left_tail,512400,stop_loss,17,-0.06349696054956112,-0.3320977381577216,3.176470588235294
reversal_5,10,max_holding_10,10.0,5.0,left_tail,512660,rank_exit,1,-0.0906533912530916,-0.0311608687404087,4.0
reversal_5,10,max_holding_10,10.0,5.0,left_tail,512660,stop_loss,18,-0.06364174387620163,-0.370375950400725,4.166666666666667
reversal_5,10,max_holding_10,10.0,5.0,left_tail,512760,rank_exit,6,-0.052024631354918714,-0.10726696746897446,4.666666666666667
reversal_5,10,max_holding_10,10.0,5.0,left_tail,512760,signal_nonpositive,1,-0.05388776200135209,-0.01890241354591535,3.0
reversal_5,10,max_holding_10,10.0,5.0,left_tail,512760,stop_loss,17,-0.08724415811692439,-0.4402957737342148,3.8823529411764706
reversal_5,10,max_holding_10,10.0,5.0,left_tail,512800,rank_exit,2,-0.08414875492036064,-0.06037134428744624,4.0
reversal_5,10,max_holding_10,10.0,5.0,left_tail,512800,signal_nonpositive,1,-0.48901698575999364,-0.12888597889953257,1.0
reversal_5,10,max_holding_10,10.0,5.0,left_tail,512880,rank_exit,2,-0.058877366164840905,-0.03613563280117059,3.5
reversal_5,10,max_holding_10,10.0,5.0,left_tail,512880,signal_nonpositive,1,-0.04710721562295784,-0.010762142622973977,6.0
reversal_5,10,max_holding_10,10.0,5.0,left_tail,512880,stop_loss,5,-0.06413873662337179,-0.10132787023397728,5.2
reversal_5,10,max_holding_10,10.0,5.0,left_tail,515030,rank_exit,2,-0.046734360744500575,-0.02502627331777385,6.5
reversal_5,10,max_holding_10,10.0,5.0,left_tail,515030,stop_loss,13,-0.07532403855018076,-0.31705751795018466,4.153846153846154
reversal_5,10,max_holding_10,10.0,5.0,left_tail,515220,rank_exit,2,-0.04887852666441808,-0.0302694636619983,3.5
reversal_5,10,max_holding_10,10.0,5.0,left_tail,515220,stop_loss,13,-0.0691193176797016,-0.28099197814436483,3.5384615384615383
reversal_5,10,max_holding_10,10.0,5.0,left_tail,515790,rank_exit,3,-0.06036209921168697,-0.046169759079954686,5.333333333333333
reversal_5,10,max_holding_10,10.0,5.0,left_tail,515790,stop_loss,15,-0.06594784027811439,-0.27919085687461626,3.8
reversal_5,10,max_holding_10,10.0,5.0,left_tail,588000,rank_exit,2,-0.05239072933624666,-0.02818366811710792,5.5
reversal_5,10,max_holding_10,10.0,5.0,left_tail,588000,signal_nonpositive,1,-0.054517384165060426,-0.015170132740104876,1.0
reversal_5,10,max_holding_10,10.0,5.0,left_tail,588000,stop_loss,4,-0.06286803787370104,-0.0828293693873688,4.75
reversal_5,10,max_holding_10,10.0,5.0,right_tail,159915,rank_exit,2,0.04180239693817683,0.028715234497658747,2.0
reversal_5,10,max_holding_10,10.0,5.0,right_tail,159915,signal_nonpositive,4,0.06395075350460942,0.06168609187336421,2.75
reversal_5,10,max_holding_10,10.0,5.0,right_tail,159928,rank_exit,1,0.10314340899048545,0.03239188012454654,3.0
reversal_5,10,max_holding_10,10.0,5.0,right_tail,159928,signal_nonpositive,11,0.04672638050598126,0.153730318086062,2.272727272727273
reversal_5,10,max_holding_10,10.0,5.0,right_tail,510050,signal_nonpositive,1,0.047931136472579974,0.014330578251536929,6.0
reversal_5,10,max_holding_10,10.0,5.0,right_tail,510300,rank_exit,1,0.048131671868983664,0.014352055035897947,2.0
reversal_5,10,max_holding_10,10.0,5.0,right_tail,510300,signal_nonpositive,3,0.05905493421774357,0.048114723097225844,3.6666666666666665
reversal_5,10,max_holding_10,10.0,5.0,right_tail,510500,rank_exit,1,0.03875311479208483,0.011974782899678925,1.0
reversal_5,10,max_holding_10,10.0,5.0,right_tail,510500,signal_nonpositive,2,0.055072259355854636,0.031234545555158297,2.0
reversal_5,10,max_holding_10,10.0,5.0,right_tail,510880,rank_exit,2,0.05307568918912023,0.032692600690415116,2.0
reversal_5,10,max_holding_10,10.0,5.0,right_tail,510880,signal_nonpositive,4,0.04610098160128853,0.05801029458902515,4.0
reversal_5,10,max_holding_10,10.0,5.0,right_tail,512010,signal_nonpositive,9,0.0463354146699689,0.11767315937000374,1.8888888888888888
reversal_5,10,max_holding_10,10.0,5.0,right_tail,512100,rank_exit,2,0.03491288504340334,0.019329395689710052,3.0
reversal_5,10,max_holding_10,10.0,5.0,right_tail,512100,signal_nonpositive,13,0.06080293162908328,0.24236488208958554,3.3846153846153846
reversal_5,10,max_holding_10,10.0,5.0,right_tail,512400,rank_exit,4,0.05322476130275993,0.053814872195682664,3.0
reversal_5,10,max_holding_10,10.0,5.0,right_tail,512400,signal_nonpositive,18,0.044112360922194,0.24926493378525724,2.5
reversal_5,10,max_holding_10,10.0,5.0,right_tail,512660,rank_exit,1,0.032580348481221745,0.00954353257490377,2.0
reversal_5,10,max_holding_10,10.0,5.0,right_tail,512660,signal_nonpositive,16,0.0524630144269741,0.259230186483334,2.125
reversal_5,10,max_holding_10,10.0,5.0,right_tail,512760,rank_exit,1,0.03634631282489596,0.009663052160494304,1.0
reversal_5,10,max_holding_10,10.0,5.0,right_tail,512760,signal_nonpositive,15,0.05586647385606962,0.24613543507531058,3.4
reversal_5,10,max_holding_10,10.0,5.0,right_tail,512800,signal_nonpositive,1,0.04440961337513067,0.012663181884562114,1.0
reversal_5,10,max_holding_10,10.0,5.0,right_tail,512880,rank_exit,1,0.09890054972513758,0.027254759694395204,3.0
reversal_5,10,max_holding_10,10.0,5.0,right_tail,512880,signal_nonpositive,10,0.05155085037291537,0.16607432988833642,2.4
reversal_5,10,max_holding_10,10.0,5.0,right_tail,515030,rank_exit,7,0.045559303053960575,0.10439006368123854,2.2857142857142856
reversal_5,10,max_holding_10,10.0,5.0,right_tail,515030,signal_nonpositive,15,0.060994347123151105,0.28398871629952177,2.533333333333333
reversal_5,10,max_holding_10,10.0,5.0,right_tail,515220,rank_exit,3,0.04362437903432631,0.0470816234865264,1.6666666666666667
reversal_5,10,max_holding_10,10.0,5.0,right_tail,515220,signal_nonpositive,21,0.06103406479500556,0.41600084675168036,2.380952380952381
reversal_5,10,max_holding_10,10.0,5.0,right_tail,515790,rank_exit,5,0.043876236484932024,0.0709493160801749,1.6
reversal_5,10,max_holding_10,10.0,5.0,right_tail,515790,signal_nonpositive,11,0.04653331014363249,0.15474003251989732,3.090909090909091
reversal_5,10,max_holding_10,10.0,5.0,right_tail,588000,signal_nonpositive,10,0.059749841659276846,0.15981417403449827,2.7
reversal_5,10,no_max_holding,,5.0,left_tail,159915,rank_exit,3,-0.057589696887982954,-0.05127204026286174,5.333333333333333
reversal_5,10,no_max_holding,,5.0,left_tail,159915,stop_loss,8,-0.06422792967138101,-0.16743614385096983,3.125
reversal_5,10,no_max_holding,,5.0,left_tail,159928,rank_exit,4,-0.046708067420903415,-0.05870398330957773,3.5
reversal_5,10,no_max_holding,,5.0,left_tail,159928,stop_loss,11,-0.14151147289676283,-0.6004933813130658,3.6363636363636362
reversal_5,10,no_max_holding,,5.0,left_tail,510050,rank_exit,1,-0.12131707868693375,-0.04359833962027607,6.0
reversal_5,10,no_max_holding,,5.0,left_tail,510050,stop_loss,4,-0.05393544478599917,-0.07381773172987599,2.75
reversal_5,10,no_max_holding,,5.0,left_tail,510300,stop_loss,1,-0.06298128308108726,-0.017624914319718396,3.0
reversal_5,10,no_max_holding,,5.0,left_tail,510500,rank_exit,1,-0.046787023155089105,-0.011451857252377963,4.0
reversal_5,10,no_max_holding,,5.0,left_tail,510500,stop_loss,3,-0.06654594950919399,-0.05448343364762011,3.6666666666666665
reversal_5,10,no_max_holding,,5.0,left_tail,510880,rank_exit,1,-0.04321078897171127,-0.017597913425458116,6.0
reversal_5,10,no_max_holding,,5.0,left_tail,510880,stop_loss,7,-0.05834415585813728,-0.12086183636618736,3.857142857142857
reversal_5,10,no_max_holding,,5.0,left_tail,512010,rank_exit,2,-0.0447323412761704,-0.028368193795262016,3.0
reversal_5,10,no_max_holding,,5.0,left_tail,512010,stop_loss,10,-0.06192811405118439,-0.20456645237671245,4.5
reversal_5,10,no_max_holding,,5.0,left_tail,512100,rank_exit,1,-0.05267193989212276,-0.015307767839352851,4.0
reversal_5,10,no_max_holding,,5.0,left_tail,512100,stop_loss,7,-0.08518709373630691,-0.17689223491459438,3.142857142857143
reversal_5,10,no_max_holding,,5.0,left_tail,512400,rank_exit,4,-0.05314606458613966,-0.07240244115221592,4.75
reversal_5,10,no_max_holding,,5.0,left_tail,512400,stop_loss,17,-0.06349696054956115,-0.3285942489225932,3.176470588235294
reversal_5,10,no_max_holding,,5.0,left_tail,512660,rank_exit,1,-0.09065339125309144,-0.03083173041388952,4.0
reversal_5,10,no_max_holding,,5.0,left_tail,512660,stop_loss,18,-0.06536932668229277,-0.3770160122315133,4.166666666666667
reversal_5,10,no_max_holding,,5.0,left_tail,512760,rank_exit,6,-0.05202463135491872,-0.10618041815328191,4.666666666666667
reversal_5,10,no_max_holding,,5.0,left_tail,512760,signal_nonpositive,1,-0.05388776200135216,-0.018702755801662318,3.0
reversal_5,10,no_max_holding,,5.0,left_tail,512760,stop_loss,17,-0.08724415811692438,-0.4356554700116144,3.8823529411764706
reversal_5,10,no_max_holding,,5.0,left_tail,512800,rank_exit,2,-0.08414875492036067,-0.05973366876581637,4.0
reversal_5,10,no_max_holding,,5.0,left_tail,512800,signal_nonpositive,1,-0.4890169857599936,-0.12803193182852765,1.0
reversal_5,10,no_max_holding,,5.0,left_tail,512880,rank_exit,2,-0.05887736616484101,-0.03575394826576926,3.5
reversal_5,10,no_max_holding,,5.0,left_tail,512880,signal_nonpositive,1,-0.047107215622957756,-0.010690828609895366,6.0
reversal_5,10,no_max_holding,,5.0,left_tail,512880,stop_loss,5,-0.0641387366233718,-0.10045568784901862,5.2
reversal_5,10,no_max_holding,,5.0,left_tail,515030,rank_exit,2,-0.0467343607445007,-0.02476290906984907,6.5
reversal_5,10,no_max_holding,,5.0,left_tail,515030,stop_loss,13,-0.07532403855018073,-0.31370858112375044,4.153846153846154
reversal_5,10,no_max_holding,,5.0,left_tail,515220,rank_exit,2,-0.04887852666441814,-0.02994974084883357,3.5
reversal_5,10,no_max_holding,,5.0,left_tail,515220,stop_loss,13,-0.0691193176797016,-0.2780795015941651,3.5384615384615383
reversal_5,10,no_max_holding,,5.0,left_tail,515790,rank_exit,3,-0.06036209921168697,-0.04568208855427185,5.333333333333333
reversal_5,10,no_max_holding,,5.0,left_tail,515790,stop_loss,15,-0.06594784027811439,-0.27645725416977796,3.8
reversal_5,10,no_max_holding,,5.0,left_tail,588000,rank_exit,2,-0.05239072933624664,-0.027948972568727165,5.5
reversal_5,10,no_max_holding,,5.0,left_tail,588000,signal_nonpositive,1,-0.054517384165060315,-0.015009897409544998,1.0
reversal_5,10,no_max_holding,,5.0,left_tail,588000,stop_loss,5,-0.059335042736104994,-0.0943654467991475,6.2
reversal_5,10,no_max_holding,,5.0,right_tail,159915,rank_exit,2,0.04180239693817682,0.02841192831236272,2.0
reversal_5,10,no_max_holding,,5.0,right_tail,159915,signal_nonpositive,4,0.06395075350460949,0.061108604988621515,2.75
reversal_5,10,no_max_holding,,5.0,right_tail,159928,rank_exit,1,0.10314340899048537,0.032049739175081395,3.0
reversal_5,10,no_max_holding,,5.0,right_tail,159928,signal_nonpositive,11,0.04672638050598126,0.15217945271287736,2.272727272727273
reversal_5,10,no_max_holding,,5.0,right_tail,510050,signal_nonpositive,1,0.04793113647257993,0.014179210759729933,6.0
reversal_5,10,no_max_holding,,5.0,right_tail,510300,rank_exit,1,0.04813167186898379,0.014200460694418668,2.0
reversal_5,10,no_max_holding,,5.0,right_tail,510300,signal_nonpositive,3,0.05905493421774366,0.04760650878609486,3.6666666666666665
reversal_5,10,no_max_holding,,5.0,right_tail,510500,rank_exit,1,0.03875311479208478,0.011848298621051625,1.0
reversal_5,10,no_max_holding,,5.0,right_tail,510500,signal_nonpositive,2,0.05507225935585455,0.030904629013380987,2.0
reversal_5,10,no_max_holding,,5.0,right_tail,510880,rank_exit,1,0.07439676388220964,0.023033678834050286,3.0
reversal_5,10,no_max_holding,,5.0,right_tail,510880,signal_nonpositive,4,0.04610098160128851,0.057397557779888836,4.0
reversal_5,10,no_max_holding,,5.0,right_tail,512010,signal_nonpositive,9,0.04633541466996893,0.11643023039154965,1.8888888888888888
reversal_5,10,no_max_holding,,5.0,right_tail,512100,rank_exit,2,0.03491288504340352,0.019125227923947982,3.0
reversal_5,10,no_max_holding,,5.0,right_tail,512100,signal_nonpositive,13,0.060802931629083234,0.23980489018555592,3.3846153846153846
reversal_5,10,no_max_holding,,5.0,right_tail,512400,rank_exit,5,0.048930731941414105,0.06227682956229287,2.6
reversal_5,10,no_max_holding,,5.0,right_tail,512400,signal_nonpositive,18,0.04411236092219394,0.24666216411181086,2.5
reversal_5,10,no_max_holding,,5.0,right_tail,512660,rank_exit,1,0.03258034848122166,0.009442728506604093,2.0
reversal_5,10,no_max_holding,,5.0,right_tail,512660,signal_nonpositive,16,0.052463014426974125,0.2565240674645858,2.125
reversal_5,10,no_max_holding,,5.0,right_tail,512760,rank_exit,1,0.036346312824896136,0.00956098566024148,1.0
reversal_5,10,no_max_holding,,5.0,right_tail,512760,signal_nonpositive,15,0.055866473856069576,0.24370962729480244,3.4
reversal_5,10,no_max_holding,,5.0,right_tail,512800,signal_nonpositive,1,0.04440961337513066,0.012529426355195659,1.0
reversal_5,10,no_max_holding,,5.0,right_tail,512880,rank_exit,1,0.09890054972513743,0.026966879851563274,3.0
reversal_5,10,no_max_holding,,5.0,right_tail,512880,signal_nonpositive,10,0.05155085037291531,0.16435698177970887,2.4
reversal_5,10,no_max_holding,,5.0,right_tail,515030,rank_exit,7,0.04555930305396056,0.10328817244823073,2.2857142857142856
reversal_5,10,no_max_holding,,5.0,right_tail,515030,signal_nonpositive,15,0.06099434712315112,0.2810564840577574,2.533333333333333
reversal_5,10,no_max_holding,,5.0,right_tail,515220,rank_exit,3,0.04362437903432619,0.046584321344751795,1.6666666666666667
reversal_5,10,no_max_holding,,5.0,right_tail,515220,signal_nonpositive,21,0.06103406479500552,0.4116528396492845,2.380952380952381
reversal_5,10,no_max_holding,,5.0,right_tail,515790,rank_exit,5,0.043876236484932093,0.070200702675533,1.6
reversal_5,10,no_max_holding,,5.0,right_tail,515790,signal_nonpositive,11,0.04653331014363247,0.15314747278582896,3.090909090909091
reversal_5,10,no_max_holding,,5.0,right_tail,588000,signal_nonpositive,10,0.059749841659276916,0.15820215988320768,2.7
volume_confirmed_mom_10,5,max_holding_5,5.0,5.0,left_tail,159915,max_holding,1,-0.03749266919051891,-0.007615264395055203,5.0
volume_confirmed_mom_10,5,max_holding_5,5.0,5.0,left_tail,159915,rank_exit,1,-0.03399951675813744,-0.013455096097641783,1.0
volume_confirmed_mom_10,5,max_holding_5,5.0,5.0,left_tail,159915,signal_nonpositive,5,-0.04870874874918292,-0.08771057476476936,2.4
volume_confirmed_mom_10,5,max_holding_5,5.0,5.0,left_tail,159915,stop_loss,3,-0.06450025490067793,-0.0694133348642216,2.0
volume_confirmed_mom_10,5,max_holding_5,5.0,5.0,left_tail,159928,signal_nonpositive,15,-0.03707372699015232,-0.1972303303878089,2.3333333333333335
volume_confirmed_mom_10,5,max_holding_5,5.0,5.0,left_tail,159928,stop_loss,2,-0.07079924238040682,-0.06376316124635066,3.0
volume_confirmed_mom_10,5,max_holding_5,5.0,5.0,left_tail,510050,signal_nonpositive,10,-0.032864636922133664,-0.11653052127438085,2.3
volume_confirmed_mom_10,5,max_holding_5,5.0,5.0,left_tail,510300,rank_exit,1,-0.0382062227731572,-0.01570279044833633,2.0
volume_confirmed_mom_10,5,max_holding_5,5.0,5.0,left_tail,510300,signal_nonpositive,4,-0.03757391347442045,-0.05539523248831878,2.5
volume_confirmed_mom_10,5,max_holding_5,5.0,5.0,left_tail,510500,rank_exit,1,-0.03359331753372915,-0.007338106549369616,1.0
volume_confirmed_mom_10,5,max_holding_5,5.0,5.0,left_tail,510500,signal_nonpositive,6,-0.03324399194500831,-0.07336529800931527,1.6666666666666667
volume_confirmed_mom_10,5,max_holding_5,5.0,5.0,left_tail,510880,signal_nonpositive,6,-0.03615727217218948,-0.07498927554371937,2.0
volume_confirmed_mom_10,5,max_holding_5,5.0,5.0,left_tail,512010,rank_exit,2,-0.03669951810881346,-0.01577425852718688,2.5
volume_confirmed_mom_10,5,max_holding_5,5.0,5.0,left_tail,512010,signal_nonpositive,14,-0.040860286409165454,-0.20614532665143628,2.4285714285714284
volume_confirmed_mom_10,5,max_holding_5,5.0,5.0,left_tail,512010,stop_loss,1,-0.048570952618928534,-0.019084702006867255,2.0
volume_confirmed_mom_10,5,max_holding_5,5.0,5.0,left_tail,512100,signal_nonpositive,7,-0.03664282502310119,-0.09548995310689912,2.0
volume_confirmed_mom_10,5,max_holding_5,5.0,5.0,left_tail,512100,stop_loss,2,-0.07174953564258921,-0.053445183231302706,3.5
volume_confirmed_mom_10,5,max_holding_5,5.0,5.0,left_tail,512400,max_holding,4,-0.03582080869934594,-0.05546534680311085,5.0
volume_confirmed_mom_10,5,max_holding_5,5.0,5.0,left_tail,512400,rank_exit,3,-0.043049884055631954,-0.03824736537231173,2.3333333333333335
volume_confirmed_mom_10,5,max_holding_5,5.0,5.0,left_tail,512400,signal_nonpositive,16,-0.04272034342629071,-0.20735334154586582,1.875
volume_confirmed_mom_10,5,max_holding_5,5.0,5.0,left_tail,512400,stop_loss,4,-0.05928994451317239,-0.07081862787572424,2.5
volume_confirmed_mom_10,5,max_holding_5,5.0,5.0,left_tail,512660,max_holding,1,-0.0284949268485025,-0.011459983653152069,5.0
volume_confirmed_mom_10,5,max_holding_5,5.0,5.0,left_tail,512660,rank_exit,1,-0.02824496842487834,-0.009844201734983465,2.0
volume_confirmed_mom_10,5,max_holding_5,5.0,5.0,left_tail,512660,signal_nonpositive,13,-0.03961477186529297,-0.16948003869450776,2.0
volume_confirmed_mom_10,5,max_holding_5,5.0,5.0,left_tail,512660,stop_loss,4,-0.07035224420192945,-0.09808442779560636,2.0
volume_confirmed_mom_10,5,max_holding_5,5.0,5.0,left_tail,512760,max_holding,2,-0.06117884771747312,-0.04193595169007856,5.0
volume_confirmed_mom_10,5,max_holding_5,5.0,5.0,left_tail,512760,rank_exit,2,-0.077516841926345,-0.06613309767797851,4.0
volume_confirmed_mom_10,5,max_holding_5,5.0,5.0,left_tail,512760,signal_nonpositive,16,-0.04088525088823222,-0.19202703319798203,2.5625
volume_confirmed_mom_10,5,max_holding_5,5.0,5.0,left_tail,512760,stop_loss,5,-0.06162845046287259,-0.10567655018469924,3.0
volume_confirmed_mom_10,5,max_holding_5,5.0,5.0,left_tail,512800,signal_nonpositive,3,-0.04488273988684859,-0.03951800937632417,3.3333333333333335
volume_confirmed_mom_10,5,max_holding_5,5.0,5.0,left_tail,512880,max_holding,1,-0.04768176659333898,-0.018660653996496065,5.0
volume_confirmed_mom_10,5,max_holding_5,5.0,5.0,left_tail,512880,rank_exit,2,-0.02988358475752398,-0.022990849102689597,3.0
volume_confirmed_mom_10,5,max_holding_5,5.0,5.0,left_tail,512880,signal_nonpositive,7,-0.03664408307551532,-0.07091698564394618,1.7142857142857142
volume_confirmed_mom_10,5,max_holding_5,5.0,5.0,left_tail,512880,stop_loss,1,-0.06568298584520686,-0.014987872369579457,1.0
volume_confirmed_mom_10,5,max_holding_5,5.0,5.0,left_tail,515030,max_holding,1,-0.03467367439875571,-0.015282269204665317,5.0
volume_confirmed_mom_10,5,max_holding_5,5.0,5.0,left_tail,515030,signal_nonpositive,6,-0.03646486874616773,-0.06617966890265015,1.8333333333333333
volume_confirmed_mom_10,5,max_holding_5,5.0,5.0,left_tail,515030,stop_loss,2,-0.05684030149987504,-0.02646565745895593,2.0
volume_confirmed_mom_10,5,max_holding_5,5.0,5.0,left_tail,515220,max_holding,2,-0.040780988682038145,-0.032299568817838145,5.0
volume_confirmed_mom_10,5,max_holding_5,5.0,5.0,left_tail,515220,rank_exit,4,-0.03283681451451003,-0.04038550265372732,3.5
volume_confirmed_mom_10,5,max_holding_5,5.0,5.0,left_tail,515220,signal_nonpositive,18,-0.08109926242668958,-0.4924841170942186,2.2777777777777777
volume_confirmed_mom_10,5,max_holding_5,5.0,5.0,left_tail,515220,stop_loss,1,-0.07485556832478697,-0.027517857366493568,2.0
volume_confirmed_mom_10,5,max_holding_5,5.0,5.0,left_tail,515790,signal_nonpositive,12,-0.03772878749797017,-0.12131626353797201,2.0
volume_confirmed_mom_10,5,max_holding_5,5.0,5.0,left_tail,515790,stop_loss,5,-0.0651285735788243,-0.13010227782410813,2.4
volume_confirmed_mom_10,5,max_holding_5,5.0,5.0,left_tail,588000,rank_exit,2,-0.03840796052190351,-0.023966234501615932,2.0
volume_confirmed_mom_10,5,max_holding_5,5.0,5.0,left_tail,588000,signal_nonpositive,3,-0.05905111795311352,-0.04179556171960862,2.3333333333333335
volume_confirmed_mom_10,5,max_holding_5,5.0,5.0,left_tail,588000,stop_loss,2,-0.09991466384491338,-0.05121086738227988,3.0
volume_confirmed_mom_10,5,max_holding_5,5.0,5.0,right_tail,159915,max_holding,4,0.06720070556793296,0.06418509334675136,5.0
volume_confirmed_mom_10,5,max_holding_5,5.0,5.0,right_tail,159915,rank_exit,4,0.041928944378018675,0.05014794273207239,2.75
volume_confirmed_mom_10,5,max_holding_5,5.0,5.0,right_tail,159915,signal_nonpositive,5,0.04588315950297277,0.07591855679431059,4.0
volume_confirmed_mom_10,5,max_holding_5,5.0,5.0,right_tail,159928,max_holding,10,0.05480222796076075,0.19489878675874425,5.0
volume_confirmed_mom_10,5,max_holding_5,5.0,5.0,right_tail,159928,rank_exit,4,0.055654106687784366,0.06984472308677715,1.75
volume_confirmed_mom_10,5,max_holding_5,5.0,5.0,right_tail,159928,signal_nonpositive,3,0.04808854852216776,0.04906474634453771,5.0
volume_confirmed_mom_10,5,max_holding_5,5.0,5.0,right_tail,510050,max_holding,5,0.08116047931783851,0.1456932103703843,5.0
volume_confirmed_mom_10,5,max_holding_5,5.0,5.0,right_tail,510050,rank_exit,1,0.054281159815349346,0.011540466095290417,1.0
volume_confirmed_mom_10,5,max_holding_5,5.0,5.0,right_tail,510050,signal_nonpositive,5,0.03814092260967222,0.06527032448342611,3.2
volume_confirmed_mom_10,5,max_holding_5,5.0,5.0,right_tail,510300,max_holding,4,0.052555069587753155,0.06528259540542977,5.0
volume_confirmed_mom_10,5,max_holding_5,5.0,5.0,right_tail,510300,rank_exit,2,0.06374958874463824,0.04726020993841383,2.5
volume_confirmed_mom_10,5,max_holding_5,5.0,5.0,right_tail,510300,signal_nonpositive,2,0.03146976086944875,0.022165316055457032,2.5
volume_confirmed_mom_10,5,max_holding_5,5.0,5.0,right_tail,510500,rank_exit,1,0.044068191468175685,0.008772545859049664,4.0
volume_confirmed_mom_10,5,max_holding_5,5.0,5.0,right_tail,510880,max_holding,2,0.059969513372140064,0.041101457316588735,5.0
volume_confirmed_mom_10,5,max_holding_5,5.0,5.0,right_tail,510880,rank_exit,2,0.03419145919691834,0.02452318393480487,2.0
volume_confirmed_mom_10,5,max_holding_5,5.0,5.0,right_tail,510880,signal_nonpositive,6,0.04314843257422755,0.08503298872332082,2.8333333333333335
volume_confirmed_mom_10,5,max_holding_5,5.0,5.0,right_tail,512010,max_holding,9,0.04910732386754993,0.1610770525425123,5.0
volume_confirmed_mom_10,5,max_holding_5,5.0,5.0,right_tail,512010,rank_exit,3,0.04044774440113685,0.039922145609979656,2.3333333333333335
volume_confirmed_mom_10,5,max_holding_5,5.0,5.0,right_tail,512010,signal_nonpositive,7,0.04410345237816349,0.11856503736997569,3.0
volume_confirmed_mom_10,5,max_holding_5,5.0,5.0,right_tail,512100,max_holding,2,0.05217532030687955,0.03433966153002027,5.0
volume_confirmed_mom_10,5,max_holding_5,5.0,5.0,right_tail,512100,rank_exit,3,0.04415489228211403,0.04108631054238741,2.3333333333333335
volume_confirmed_mom_10,5,max_holding_5,5.0,5.0,right_tail,512100,signal_nonpositive,1,0.0515794734211843,0.017172172311526412,2.0
volume_confirmed_mom_10,5,max_holding_5,5.0,5.0,right_tail,512400,max_holding,12,0.05940517423788041,0.2262440377603507,5.0
volume_confirmed_mom_10,5,max_holding_5,5.0,5.0,right_tail,512400,rank_exit,3,0.048234142619365684,0.03801045273853245,1.3333333333333333
volume_confirmed_mom_10,5,max_holding_5,5.0,5.0,right_tail,512400,signal_nonpositive,7,0.03497452128075966,0.07028596870058323,2.2857142857142856
volume_confirmed_mom_10,5,max_holding_5,5.0,5.0,right_tail,512660,max_holding,4,0.08776151767567479,0.10202796787666543,5.0
volume_confirmed_mom_10,5,max_holding_5,5.0,5.0,right_tail,512660,rank_exit,5,0.038766424999976914,0.07173480823658236,3.0
volume_confirmed_mom_10,5,max_holding_5,5.0,5.0,right_tail,512660,signal_nonpositive,10,0.04058317475213087,0.12370990650419857,3.5
volume_confirmed_mom_10,5,max_holding_5,5.0,5.0,right_tail,512760,max_holding,14,0.06740400158951675,0.2918617619579122,5.0
volume_confirmed_mom_10,5,max_holding_5,5.0,5.0,right_tail,512760,rank_exit,5,0.04412202213075075,0.05766604346647314,2.6
volume_confirmed_mom_10,5,max_holding_5,5.0,5.0,right_tail,512760,signal_nonpositive,8,0.04693883155942145,0.13038801638402828,3.5
volume_confirmed_mom_10,5,max_holding_5,5.0,5.0,right_tail,512800,max_holding,3,0.046958711894536674,0.04474662014551493,5.0
volume_confirmed_mom_10,5,max_holding_5,5.0,5.0,right_tail,512800,rank_exit,1,0.03467908902691492,0.011371141538420518,3.0
volume_confirmed_mom_10,5,max_holding_5,5.0,5.0,right_tail,512800,signal_nonpositive,2,0.040952381439870664,0.03015866379728792,5.0
volume_confirmed_mom_10,5,max_holding_5,5.0,5.0,right_tail,512880,max_holding,7,0.07018311686055653,0.17039592432786244,5.0
volume_confirmed_mom_10,5,max_holding_5,5.0,5.0,right_tail,512880,rank_exit,4,0.13081094574943236,0.11867041881130573,3.25
volume_confirmed_mom_10,5,max_holding_5,5.0,5.0,right_tail,512880,signal_nonpositive,8,0.04564110305157065,0.12409695553845211,3.5
volume_confirmed_mom_10,5,max_holding_5,5.0,5.0,right_tail,515030,max_holding,6,0.07119926064008349,0.1605081995967422,5.0
volume_confirmed_mom_10,5,max_holding_5,5.0,5.0,right_tail,515030,rank_exit,1,0.08808334686160108,0.03541104653272621,2.0
volume_confirmed_mom_10,5,max_holding_5,5.0,5.0,right_tail,515030,signal_nonpositive,4,0.05606917413928668,0.05934139990094876,2.25
volume_confirmed_mom_10,5,max_holding_5,5.0,5.0,right_tail,515220,max_holding,4,0.1015023601044069,0.15329104064828358,5.0
volume_confirmed_mom_10,5,max_holding_5,5.0,5.0,right_tail,515220,rank_exit,1,0.05501921936228125,0.011388145973175882,2.0
volume_confirmed_mom_10,5,max_holding_5,5.0,5.0,right_tail,515220,signal_nonpositive,7,0.04149108505926139,0.09961833914519902,3.2857142857142856
volume_confirmed_mom_10,5,max_holding_5,5.0,5.0,right_tail,515790,max_holding,3,0.06532037715597279,0.0656367224210702,5.0
volume_confirmed_mom_10,5,max_holding_5,5.0,5.0,right_tail,515790,rank_exit,2,0.04172140465539942,0.023534869109242525,3.0
volume_confirmed_mom_10,5,max_holding_5,5.0,5.0,right_tail,515790,signal_nonpositive,7,0.045706338381080576,0.09440107982145728,3.2857142857142856
volume_confirmed_mom_10,5,max_holding_5,5.0,5.0,right_tail,588000,max_holding,6,0.045580038459298915,0.07871552577987741,5.0
volume_confirmed_mom_10,5,max_holding_5,5.0,5.0,right_tail,588000,rank_exit,2,0.0591964253855323,0.02433431699100884,3.0
volume_confirmed_mom_10,5,max_holding_5,5.0,5.0,right_tail,588000,signal_nonpositive,3,0.04104966732883999,0.04427656271999582,2.6666666666666665
volume_confirmed_mom_10,5,no_max_holding,,5.0,left_tail,159915,rank_exit,1,-0.03399951675813741,-0.01398335716144711,1.0
volume_confirmed_mom_10,5,no_max_holding,,5.0,left_tail,159915,signal_nonpositive,5,-0.04794115514485511,-0.09219598049466743,2.4
volume_confirmed_mom_10,5,no_max_holding,,5.0,left_tail,159928,signal_nonpositive,16,-0.038740285432638466,-0.22511899312670391,2.625
volume_confirmed_mom_10,5,no_max_holding,,5.0,left_tail,159928,stop_loss,1,-0.061492610096335984,-0.025934125706639853,4.0
volume_confirmed_mom_10,5,no_max_holding,,5.0,left_tail,510050,signal_nonpositive,9,-0.03065856409898229,-0.09620539937230796,1.5555555555555556
volume_confirmed_mom_10,5,no_max_holding,,5.0,left_tail,510300,rank_exit,1,-0.03820622277315709,-0.016133501978346336,2.0
volume_confirmed_mom_10,5,no_max_holding,,5.0,left_tail,510300,signal_nonpositive,3,-0.03688692506814401,-0.04328630448932344,2.6666666666666665
volume_confirmed_mom_10,5,no_max_holding,,5.0,left_tail,510500,rank_exit,1,-0.033593317533729065,-0.008129870496183364,1.0
volume_confirmed_mom_10,5,no_max_holding,,5.0,left_tail,510500,signal_nonpositive,6,-0.03324399194500834,-0.07850599624536725,1.6666666666666667
volume_confirmed_mom_10,5,no_max_holding,,5.0,left_tail,510880,signal_nonpositive,6,-0.036157272172189385,-0.077078855505329,2.0
volume_confirmed_mom_10,5,no_max_holding,,5.0,left_tail,512010,rank_exit,1,-0.027999513756635175,-0.006417106531397781,2.0
volume_confirmed_mom_10,5,no_max_holding,,5.0,left_tail,512010,signal_nonpositive,15,-0.03962468524428153,-0.21815242149112057,2.7333333333333334
volume_confirmed_mom_10,5,no_max_holding,,5.0,left_tail,512010,stop_loss,2,-0.06412942419853346,-0.05404066757502817,1.5
volume_confirmed_mom_10,5,no_max_holding,,5.0,left_tail,512100,signal_nonpositive,6,-0.037826233915066794,-0.0909293712806121,2.1666666666666665
volume_confirmed_mom_10,5,no_max_holding,,5.0,left_tail,512100,stop_loss,2,-0.07174953564258912,-0.058409704228967296,3.5
volume_confirmed_mom_10,5,no_max_holding,,5.0,left_tail,512400,rank_exit,6,-0.03989865116325123,-0.08258870856446644,3.6666666666666665
volume_confirmed_mom_10,5,no_max_holding,,5.0,left_tail,512400,signal_nonpositive,16,-0.04376709227454287,-0.22604146650572815,2.1875
volume_confirmed_mom_10,5,no_max_holding,,5.0,left_tail,512400,stop_loss,5,-0.05779118277661581,-0.09702392711340839,3.2
volume_confirmed_mom_10,5,no_max_holding,,5.0,left_tail,512660,rank_exit,1,-0.028244968424878437,-0.011067519740032165,2.0
volume_confirmed_mom_10,5,no_max_holding,,5.0,left_tail,512660,signal_nonpositive,14,-0.04066688790384377,-0.18980473167064227,2.5
volume_confirmed_mom_10,5,no_max_holding,,5.0,left_tail,512660,stop_loss,3,-0.06749108911915953,-0.07000519481313282,2.0
volume_confirmed_mom_10,5,no_max_holding,,5.0,left_tail,512760,rank_exit,1,-0.11958589050798328,-0.05400994112087573,4.0
volume_confirmed_mom_10,5,no_max_holding,,5.0,left_tail,512760,signal_nonpositive,15,-0.03893898768314761,-0.17389112116060054,2.6666666666666665
volume_confirmed_mom_10,5,no_max_holding,,5.0,left_tail,512760,stop_loss,5,-0.06081761214844187,-0.11031549694530385,3.2
volume_confirmed_mom_10,5,no_max_holding,,5.0,left_tail,512800,signal_nonpositive,3,-0.03823357758068028,-0.033937001893938015,2.6666666666666665
volume_confirmed_mom_10,5,no_max_holding,,5.0,left_tail,512880,rank_exit,2,-0.029883584757523975,-0.024129134751899452,3.0
volume_confirmed_mom_10,5,no_max_holding,,5.0,left_tail,512880,signal_nonpositive,8,-0.035503777367498754,-0.08558457080534101,1.75
volume_confirmed_mom_10,5,no_max_holding,,5.0,left_tail,512880,stop_loss,2,-0.06601882948796572,-0.04389944399344599,3.5
volume_confirmed_mom_10,5,no_max_holding,,5.0,left_tail,515030,rank_exit,1,-0.0627354861894896,-0.027897683175912277,8.0
volume_confirmed_mom_10,5,no_max_holding,,5.0,left_tail,515030,signal_nonpositive,5,-0.03499508101899658,-0.0538630847082053,1.4
volume_confirmed_mom_10,5,no_max_holding,,5.0,left_tail,515030,stop_loss,2,-0.05684030149987507,-0.02932123788201813,2.0
volume_confirmed_mom_10,5,no_max_holding,,5.0,left_tail,515220,rank_exit,4,-0.03283681451451009,-0.04423615796431706,3.5
volume_confirmed_mom_10,5,no_max_holding,,5.0,left_tail,515220,signal_nonpositive,19,-0.07709474081132543,-0.5263712574384025,3.1578947368421053
volume_confirmed_mom_10,5,no_max_holding,,5.0,left_tail,515790,signal_nonpositive,12,-0.035452510910998,-0.13391129975819543,1.8333333333333333
volume_confirmed_mom_10,5,no_max_holding,,5.0,left_tail,515790,stop_loss,3,-0.06220156703205023,-0.07519770453343655,2.6666666666666665
volume_confirmed_mom_10,5,no_max_holding,,5.0,left_tail,588000,rank_exit,1,-0.04857095261892853,-0.01576793993835842,1.0
volume_confirmed_mom_10,5,no_max_holding,,5.0,left_tail,588000,signal_nonpositive,4,-0.04478472842894816,-0.05218048303059155,2.75
volume_confirmed_mom_10,5,no_max_holding,,5.0,left_tail,588000,stop_loss,1,-0.12368377214901324,-0.03928856709636592,3.0
volume_confirmed_mom_10,5,no_max_holding,,5.0,right_tail,159915,rank_exit,2,0.0483593287897115,0.029142697428445673,4.0
volume_confirmed_mom_10,5,no_max_holding,,5.0,right_tail,159915,signal_nonpositive,8,0.058366787438967824,0.132149704211841,7.125
volume_confirmed_mom_10,5,no_max_holding,,5.0,right_tail,159928,rank_exit,7,0.06350843203804916,0.15281802259636776,4.285714285714286
volume_confirmed_mom_10,5,no_max_holding,,5.0,right_tail,159928,signal_nonpositive,8,0.05427579746531425,0.15767924849988382,8.5
volume_confirmed_mom_10,5,no_max_holding,,5.0,right_tail,510050,rank_exit,2,0.11178291782962267,0.07663066457995849,3.5
volume_confirmed_mom_10,5,no_max_holding,,5.0,right_tail,510050,signal_nonpositive,5,0.03814092260967214,0.06506243322073624,3.2
volume_confirmed_mom_10,5,no_max_holding,,5.0,right_tail,510300,rank_exit,3,0.08445598633461023,0.07584069608268532,8.0
volume_confirmed_mom_10,5,no_max_holding,,5.0,right_tail,510300,signal_nonpositive,4,0.029265053261529554,0.039392269451340334,3.0
volume_confirmed_mom_10,5,no_max_holding,,5.0,right_tail,510500,rank_exit,1,0.04406819146817564,0.009451398671415631,4.0
volume_confirmed_mom_10,5,no_max_holding,,5.0,right_tail,510880,rank_exit,2,0.03419145919691847,0.02476151026047113,2.0
volume_confirmed_mom_10,5,no_max_holding,,5.0,right_tail,510880,signal_nonpositive,10,0.04346784797436873,0.14728957785945712,4.2
volume_confirmed_mom_10,5,no_max_holding,,5.0,right_tail,512010,rank_exit,5,0.04813183233401371,0.08300268242053595,5.4
volume_confirmed_mom_10,5,no_max_holding,,5.0,right_tail,512010,signal_nonpositive,13,0.04866440794082739,0.2371123465137311,4.769230769230769
volume_confirmed_mom_10,5,no_max_holding,,5.0,right_tail,512100,rank_exit,3,0.044683090035413854,0.040173702250123774,4.333333333333333
volume_confirmed_mom_10,5,no_max_holding,,5.0,right_tail,512100,signal_nonpositive,2,0.039275993582156235,0.023417648451562585,1.5
volume_confirmed_mom_10,5,no_max_holding,,5.0,right_tail,512400,rank_exit,5,0.05059069650219026,0.08403062819258453,1.8
volume_confirmed_mom_10,5,no_max_holding,,5.0,right_tail,512400,signal_nonpositive,15,0.06743174125492499,0.32159303990229327,7.266666666666667
volume_confirmed_mom_10,5,no_max_holding,,5.0,right_tail,512660,rank_exit,9,0.06344414652826337,0.1849075631029092,6.444444444444445
volume_confirmed_mom_10,5,no_max_holding,,5.0,right_tail,512660,signal_nonpositive,11,0.04032985301673273,0.1451531723381389,3.8181818181818183
volume_confirmed_mom_10,5,no_max_holding,,5.0,right_tail,512760,rank_exit,5,0.044122022130750754,0.060999560371147524,2.6
volume_confirmed_mom_10,5,no_max_holding,,5.0,right_tail,512760,signal_nonpositive,22,0.06370743982030186,0.48621165525556925,7.045454545454546
volume_confirmed_mom_10,5,no_max_holding,,5.0,right_tail,512800,rank_exit,2,0.04526663787734477,0.03573741733929652,4.5
volume_confirmed_mom_10,5,no_max_holding,,5.0,right_tail,512800,signal_nonpositive,4,0.04356395239465362,0.062093407445945256,7.5
volume_confirmed_mom_10,5,no_max_holding,,5.0,right_tail,512880,rank_exit,7,0.10956260639126077,0.22291929204283123,4.285714285714286
volume_confirmed_mom_10,5,no_max_holding,,5.0,right_tail,512880,signal_nonpositive,9,0.0657361872156821,0.1803702157766754,4.444444444444445
volume_confirmed_mom_10,5,no_max_holding,,5.0,right_tail,515030,rank_exit,2,0.06530437299843961,0.05346641081759771,9.5
volume_confirmed_mom_10,5,no_max_holding,,5.0,right_tail,515030,signal_nonpositive,9,0.057760956361291194,0.17179657034666038,5.444444444444445
volume_confirmed_mom_10,5,no_max_holding,,5.0,right_tail,515220,rank_exit,1,0.05501921936228129,0.01261689937733404,2.0
volume_confirmed_mom_10,5,no_max_holding,,5.0,right_tail,515220,signal_nonpositive,11,0.05630442719079476,0.23906791184065418,5.636363636363637
volume_confirmed_mom_10,5,no_max_holding,,5.0,right_tail,515790,rank_exit,3,0.038833381426559455,0.0411540317645764,3.3333333333333335
volume_confirmed_mom_10,5,no_max_holding,,5.0,right_tail,515790,signal_nonpositive,10,0.05422121977333623,0.18154926672871685,4.5
volume_confirmed_mom_10,5,no_max_holding,,5.0,right_tail,588000,rank_exit,2,0.05904879711602597,0.036144110012310056,9.5
volume_confirmed_mom_10,5,no_max_holding,,5.0,right_tail,588000,signal_nonpositive,6,0.04220585463121055,0.10030085598547472,4.5
volume_confirmed_mom_10,10,max_holding_10,10.0,5.0,left_tail,159915,rank_exit,1,-0.03399951675813745,-0.013992409532662639,1.0
volume_confirmed_mom_10,10,max_holding_10,10.0,5.0,left_tail,159915,signal_nonpositive,5,-0.050221786537842074,-0.09625757857128356,2.6
volume_confirmed_mom_10,10,max_holding_10,10.0,5.0,left_tail,159928,signal_nonpositive,16,-0.03874028543263852,-0.22459894679926126,2.625
volume_confirmed_mom_10,10,max_holding_10,10.0,5.0,left_tail,159928,stop_loss,1,-0.061492610096336026,-0.0257995718599718,4.0
volume_confirmed_mom_10,10,max_holding_10,10.0,5.0,left_tail,510050,signal_nonpositive,8,-0.031067360524341992,-0.08988552654054591,1.625
volume_confirmed_mom_10,10,max_holding_10,10.0,5.0,left_tail,510300,rank_exit,1,-0.03820622277315731,-0.016143946283474875,2.0
volume_confirmed_mom_10,10,max_holding_10,10.0,5.0,left_tail,510300,signal_nonpositive,3,-0.036886925068143894,-0.04308824007351074,2.6666666666666665
volume_confirmed_mom_10,10,max_holding_10,10.0,5.0,left_tail,510500,rank_exit,1,-0.033593317533729156,-0.00820280381551837,1.0
volume_confirmed_mom_10,10,max_holding_10,10.0,5.0,left_tail,510500,signal_nonpositive,6,-0.0332439919450083,-0.07837431445002538,1.6666666666666667
volume_confirmed_mom_10,10,max_holding_10,10.0,5.0,left_tail,510880,signal_nonpositive,6,-0.036157272172189475,-0.07697788540412685,2.0
volume_confirmed_mom_10,10,max_holding_10,10.0,5.0,left_tail,512010,rank_exit,1,-0.027999513756635275,-0.006474674592301205,2.0
volume_confirmed_mom_10,10,max_holding_10,10.0,5.0,left_tail,512010,signal_nonpositive,14,-0.04050580654134412,-0.21018473726391862,2.857142857142857
volume_confirmed_mom_10,10,max_holding_10,10.0,5.0,left_tail,512010,stop_loss,2,-0.06412942419853337,-0.05415894762023744,1.5
volume_confirmed_mom_10,10,max_holding_10,10.0,5.0,left_tail,512100,signal_nonpositive,7,-0.03664282502310119,-0.10205559757516018,2.0
volume_confirmed_mom_10,10,max_holding_10,10.0,5.0,left_tail,512100,stop_loss,2,-0.07174953564258918,-0.05808013697953003,3.5
volume_confirmed_mom_10,10,max_holding_10,10.0,5.0,left_tail,512400,rank_exit,6,-0.045169248765543346,-0.09055758305205902,3.6666666666666665
volume_confirmed_mom_10,10,max_holding_10,10.0,5.0,left_tail,512400,signal_nonpositive,16,-0.043767092274542854,-0.2257909672391571,2.1875
volume_confirmed_mom_10,10,max_holding_10,10.0,5.0,left_tail,512400,stop_loss,5,-0.057791182776615845,-0.09828038724913006,3.2
volume_confirmed_mom_10,10,max_holding_10,10.0,5.0,left_tail,512660,rank_exit,2,-0.029532689557527768,-0.02421668210203043,3.0
volume_confirmed_mom_10,10,max_holding_10,10.0,5.0,left_tail,512660,signal_nonpositive,14,-0.04066688790384381,-0.18959399889904147,2.5
volume_confirmed_mom_10,10,max_holding_10,10.0,5.0,left_tail,512660,stop_loss,3,-0.06749108911915953,-0.06997252843079214,1.6666666666666667
volume_confirmed_mom_10,10,max_holding_10,10.0,5.0,left_tail,512760,rank_exit,1,-0.1195858905079834,-0.054175461218221664,4.0
volume_confirmed_mom_10,10,max_holding_10,10.0,5.0,left_tail,512760,signal_nonpositive,17,-0.03930486273818319,-0.19396995094297756,2.8823529411764706
volume_confirmed_mom_10,10,max_holding_10,10.0,5.0,left_tail,512760,stop_loss,5,-0.06081761214844178,-0.11020703312790164,3.2
volume_confirmed_mom_10,10,max_holding_10,10.0,5.0,left_tail,512800,signal_nonpositive,3,-0.03823357758068024,-0.03400824564127507,2.6666666666666665
volume_confirmed_mom_10,10,max_holding_10,10.0,5.0,left_tail,512880,rank_exit,2,-0.029883584757523944,-0.02448843422108105,3.0
volume_confirmed_mom_10,10,max_holding_10,10.0,5.0,left_tail,512880,signal_nonpositive,8,-0.03556351191065538,-0.08662545383200768,1.75
volume_confirmed_mom_10,10,max_holding_10,10.0,5.0,left_tail,512880,stop_loss,2,-0.06601882948796561,-0.04383443512750721,3.5
volume_confirmed_mom_10,10,max_holding_10,10.0,5.0,left_tail,515030,rank_exit,1,-0.06273548618948961,-0.027752941817483334,8.0
volume_confirmed_mom_10,10,max_holding_10,10.0,5.0,left_tail,515030,signal_nonpositive,5,-0.03499508101899664,-0.05433524459672819,1.4
volume_confirmed_mom_10,10,max_holding_10,10.0,5.0,left_tail,515030,stop_loss,2,-0.05684030149987503,-0.029584279612725903,2.0
volume_confirmed_mom_10,10,max_holding_10,10.0,5.0,left_tail,515220,rank_exit,4,-0.032836814514510065,-0.044293603001345605,3.5
volume_confirmed_mom_10,10,max_holding_10,10.0,5.0,left_tail,515220,signal_nonpositive,19,-0.07709474081132543,-0.5271685813194339,3.1578947368421053
volume_confirmed_mom_10,10,max_holding_10,10.0,5.0,left_tail,515790,signal_nonpositive,11,-0.03617349941096304,-0.12929604988080454,1.8181818181818181
volume_confirmed_mom_10,10,max_holding_10,10.0,5.0,left_tail,515790,stop_loss,3,-0.06220156703205021,-0.0751722439948132,2.6666666666666665
volume_confirmed_mom_10,10,max_holding_10,10.0,5.0,left_tail,588000,rank_exit,2,-0.04278523543890862,-0.03044059017639131,2.5
volume_confirmed_mom_10,10,max_holding_10,10.0,5.0,left_tail,588000,signal_nonpositive,4,-0.044784728428948165,-0.05243029304729817,2.75
volume_confirmed_mom_10,10,max_holding_10,10.0,5.0,left_tail,588000,stop_loss,2,-0.09530358162267152,-0.05582185221245298,3.0
volume_confirmed_mom_10,10,max_holding_10,10.0,5.0,right_tail,159915,max_holding,1,0.08393576491106669,0.017986218425945142,10.0
volume_confirmed_mom_10,10,max_holding_10,10.0,5.0,right_tail,159915,rank_exit,3,0.06643973638516225,0.05905045006850834,3.3333333333333335
volume_confirmed_mom_10,10,max_holding_10,10.0,5.0,right_tail,159915,signal_nonpositive,7,0.044313839821205736,0.09882249543801754,5.428571428571429
volume_confirmed_mom_10,10,max_holding_10,10.0,5.0,right_tail,159928,max_holding,4,0.08832943311334573,0.11836644212239361,10.0
volume_confirmed_mom_10,10,max_holding_10,10.0,5.0,right_tail,159928,rank_exit,6,0.05353360263893842,0.11257553775388311,2.5
volume_confirmed_mom_10,10,max_holding_10,10.0,5.0,right_tail,159928,signal_nonpositive,5,0.05201759131316589,0.099768089797985,5.6
volume_confirmed_mom_10,10,max_holding_10,10.0,5.0,right_tail,510050,rank_exit,2,0.11178291782962269,0.07694102595521736,3.5
volume_confirmed_mom_10,10,max_holding_10,10.0,5.0,right_tail,510050,signal_nonpositive,5,0.038140922609672105,0.0648795213157202,3.2
volume_confirmed_mom_10,10,max_holding_10,10.0,5.0,right_tail,510300,max_holding,1,0.07757357276417971,0.021272509796459747,10.0
volume_confirmed_mom_10,10,max_holding_10,10.0,5.0,right_tail,510300,rank_exit,2,0.03925671934922022,0.027363588620790608,5.5
volume_confirmed_mom_10,10,max_holding_10,10.0,5.0,right_tail,510300,signal_nonpositive,3,0.030298852571221307,0.031099802031666984,3.0
volume_confirmed_mom_10,10,max_holding_10,10.0,5.0,right_tail,510500,rank_exit,1,0.04406819146817567,0.009517860199176454,4.0
volume_confirmed_mom_10,10,max_holding_10,10.0,5.0,right_tail,510880,rank_exit,2,0.03419145919691843,0.024828578120470485,2.0
volume_confirmed_mom_10,10,max_holding_10,10.0,5.0,right_tail,510880,signal_nonpositive,9,0.04536756703200881,0.1387593094183832,4.333333333333333
volume_confirmed_mom_10,10,max_holding_10,10.0,5.0,right_tail,512010,max_holding,2,0.06485358100602046,0.043330796984236905,10.0
volume_confirmed_mom_10,10,max_holding_10,10.0,5.0,right_tail,512010,rank_exit,4,0.03743152514831127,0.0525065038852761,2.75
volume_confirmed_mom_10,10,max_holding_10,10.0,5.0,right_tail,512010,signal_nonpositive,11,0.04861750034396662,0.2069312890024828,4.2727272727272725
volume_confirmed_mom_10,10,max_holding_10,10.0,5.0,right_tail,512100,max_holding,1,0.03859503175241679,0.009442667635854371,10.0
volume_confirmed_mom_10,10,max_holding_10,10.0,5.0,right_tail,512100,rank_exit,3,0.04468309003541381,0.04003794587732632,4.333333333333333
volume_confirmed_mom_10,10,max_holding_10,10.0,5.0,right_tail,512100,signal_nonpositive,2,0.039275993582156284,0.023196206480020045,1.5
volume_confirmed_mom_10,10,max_holding_10,10.0,5.0,right_tail,512400,max_holding,6,0.08683065426053584,0.16444064261942065,10.0
volume_confirmed_mom_10,10,max_holding_10,10.0,5.0,right_tail,512400,rank_exit,4,0.0567382423135165,0.07468222823252346,1.75
volume_confirmed_mom_10,10,max_holding_10,10.0,5.0,right_tail,512400,signal_nonpositive,12,0.03723676487625596,0.1424664644014531,4.416666666666667
volume_confirmed_mom_10,10,max_holding_10,10.0,5.0,right_tail,512660,max_holding,1,0.18368966777115633,0.07454619046000338,10.0
volume_confirmed_mom_10,10,max_holding_10,10.0,5.0,right_tail,512660,rank_exit,8,0.05995652937421622,0.14709582156619305,5.375
volume_confirmed_mom_10,10,max_holding_10,10.0,5.0,right_tail,512660,signal_nonpositive,11,0.040329853016732725,0.14521635428725493,3.8181818181818183
volume_confirmed_mom_10,10,max_holding_10,10.0,5.0,right_tail,512760,max_holding,4,0.14492038850819258,0.18123689944142532,10.0
volume_confirmed_mom_10,10,max_holding_10,10.0,5.0,right_tail,512760,rank_exit,4,0.04753625705858339,0.04955908397535003,3.0
volume_confirmed_mom_10,10,max_holding_10,10.0,5.0,right_tail,512760,signal_nonpositive,17,0.06028015414019271,0.35919870007940297,5.882352941176471
volume_confirmed_mom_10,10,max_holding_10,10.0,5.0,right_tail,512800,max_holding,1,0.09414340448823204,0.0336222488035403,10.0
volume_confirmed_mom_10,10,max_holding_10,10.0,5.0,right_tail,512800,rank_exit,2,0.045266637877344654,0.03578090474770476,4.5
volume_confirmed_mom_10,10,max_holding_10,10.0,5.0,right_tail,512800,signal_nonpositive,3,0.03621842550393816,0.03848422134358657,5.333333333333333
volume_confirmed_mom_10,10,max_holding_10,10.0,5.0,right_tail,512880,max_holding,1,0.22496489850312948,0.062074764781856,10.0
volume_confirmed_mom_10,10,max_holding_10,10.0,5.0,right_tail,512880,rank_exit,7,0.1095626063912608,0.22384393592528973,4.285714285714286
volume_confirmed_mom_10,10,max_holding_10,10.0,5.0,right_tail,512880,signal_nonpositive,9,0.042382215136815025,0.1235328576773217,3.2222222222222223
volume_confirmed_mom_10,10,max_holding_10,10.0,5.0,right_tail,515030,max_holding,2,0.06960522132357119,0.04394124712546594,10.0
volume_confirmed_mom_10,10,max_holding_10,10.0,5.0,right_tail,515030,rank_exit,1,0.07439676388220967,0.030511558401727045,8.0
volume_confirmed_mom_10,10,max_holding_10,10.0,5.0,right_tail,515030,signal_nonpositive,7,0.06391503793891784,0.1526848234025185,4.857142857142857
volume_confirmed_mom_10,10,max_holding_10,10.0,5.0,right_tail,515220,max_holding,2,0.12120786982678898,0.10473026263982985,10.0
volume_confirmed_mom_10,10,max_holding_10,10.0,5.0,right_tail,515220,rank_exit,1,0.05501921936228123,0.012730085971356218,2.0
volume_confirmed_mom_10,10,max_holding_10,10.0,5.0,right_tail,515220,signal_nonpositive,10,0.03779871313619004,0.13560620617068336,4.0
volume_confirmed_mom_10,10,max_holding_10,10.0,5.0,right_tail,515790,rank_exit,3,0.038833381426559344,0.04114454054650056,3.3333333333333335
volume_confirmed_mom_10,10,max_holding_10,10.0,5.0,right_tail,515790,signal_nonpositive,10,0.0542212197733362,0.18117294598523015,4.5
volume_confirmed_mom_10,10,max_holding_10,10.0,5.0,right_tail,588000,max_holding,3,0.08497181037665665,0.07448644839712149,10.0
volume_confirmed_mom_10,10,max_holding_10,10.0,5.0,right_tail,588000,rank_exit,2,0.059196425385532214,0.027271120994246806,3.0
volume_confirmed_mom_10,10,max_holding_10,10.0,5.0,right_tail,588000,signal_nonpositive,6,0.04220585463121049,0.10020970842230806,4.5
volume_confirmed_mom_10,10,no_max_holding,,5.0,left_tail,159915,rank_exit,1,-0.03399951675813741,-0.01398335716144711,1.0
volume_confirmed_mom_10,10,no_max_holding,,5.0,left_tail,159915,signal_nonpositive,5,-0.04794115514485511,-0.09219598049466743,2.4
volume_confirmed_mom_10,10,no_max_holding,,5.0,left_tail,159928,signal_nonpositive,16,-0.038740285432638466,-0.22511899312670391,2.625
volume_confirmed_mom_10,10,no_max_holding,,5.0,left_tail,159928,stop_loss,1,-0.061492610096335984,-0.025934125706639853,4.0
volume_confirmed_mom_10,10,no_max_holding,,5.0,left_tail,510050,signal_nonpositive,9,-0.03065856409898229,-0.09620539937230796,1.5555555555555556
volume_confirmed_mom_10,10,no_max_holding,,5.0,left_tail,510300,rank_exit,1,-0.03820622277315709,-0.016133501978346336,2.0
volume_confirmed_mom_10,10,no_max_holding,,5.0,left_tail,510300,signal_nonpositive,3,-0.03688692506814401,-0.04328630448932344,2.6666666666666665
volume_confirmed_mom_10,10,no_max_holding,,5.0,left_tail,510500,rank_exit,1,-0.033593317533729065,-0.008129870496183364,1.0
volume_confirmed_mom_10,10,no_max_holding,,5.0,left_tail,510500,signal_nonpositive,6,-0.03324399194500834,-0.07850599624536725,1.6666666666666667
volume_confirmed_mom_10,10,no_max_holding,,5.0,left_tail,510880,signal_nonpositive,6,-0.036157272172189385,-0.077078855505329,2.0
volume_confirmed_mom_10,10,no_max_holding,,5.0,left_tail,512010,rank_exit,1,-0.027999513756635175,-0.006417106531397781,2.0
volume_confirmed_mom_10,10,no_max_holding,,5.0,left_tail,512010,signal_nonpositive,15,-0.03962468524428153,-0.21815242149112057,2.7333333333333334
volume_confirmed_mom_10,10,no_max_holding,,5.0,left_tail,512010,stop_loss,2,-0.06412942419853346,-0.05404066757502817,1.5
volume_confirmed_mom_10,10,no_max_holding,,5.0,left_tail,512100,signal_nonpositive,6,-0.037826233915066794,-0.0909293712806121,2.1666666666666665
volume_confirmed_mom_10,10,no_max_holding,,5.0,left_tail,512100,stop_loss,2,-0.07174953564258912,-0.058409704228967296,3.5
volume_confirmed_mom_10,10,no_max_holding,,5.0,left_tail,512400,rank_exit,6,-0.03989865116325123,-0.08258870856446644,3.6666666666666665
volume_confirmed_mom_10,10,no_max_holding,,5.0,left_tail,512400,signal_nonpositive,16,-0.04376709227454287,-0.22604146650572815,2.1875
volume_confirmed_mom_10,10,no_max_holding,,5.0,left_tail,512400,stop_loss,5,-0.05779118277661581,-0.09702392711340839,3.2
volume_confirmed_mom_10,10,no_max_holding,,5.0,left_tail,512660,rank_exit,1,-0.028244968424878437,-0.011067519740032165,2.0
volume_confirmed_mom_10,10,no_max_holding,,5.0,left_tail,512660,signal_nonpositive,14,-0.04066688790384377,-0.18980473167064227,2.5
volume_confirmed_mom_10,10,no_max_holding,,5.0,left_tail,512660,stop_loss,3,-0.06749108911915953,-0.07000519481313282,2.0
volume_confirmed_mom_10,10,no_max_holding,,5.0,left_tail,512760,rank_exit,1,-0.11958589050798328,-0.05400994112087573,4.0
volume_confirmed_mom_10,10,no_max_holding,,5.0,left_tail,512760,signal_nonpositive,15,-0.03893898768314761,-0.17389112116060054,2.6666666666666665
volume_confirmed_mom_10,10,no_max_holding,,5.0,left_tail,512760,stop_loss,5,-0.06081761214844187,-0.11031549694530385,3.2
volume_confirmed_mom_10,10,no_max_holding,,5.0,left_tail,512800,signal_nonpositive,3,-0.03823357758068028,-0.033937001893938015,2.6666666666666665
volume_confirmed_mom_10,10,no_max_holding,,5.0,left_tail,512880,rank_exit,2,-0.029883584757523975,-0.024129134751899452,3.0
volume_confirmed_mom_10,10,no_max_holding,,5.0,left_tail,512880,signal_nonpositive,8,-0.035503777367498754,-0.08558457080534101,1.75
volume_confirmed_mom_10,10,no_max_holding,,5.0,left_tail,512880,stop_loss,2,-0.06601882948796572,-0.04389944399344599,3.5
volume_confirmed_mom_10,10,no_max_holding,,5.0,left_tail,515030,rank_exit,1,-0.0627354861894896,-0.027897683175912277,8.0
volume_confirmed_mom_10,10,no_max_holding,,5.0,left_tail,515030,signal_nonpositive,5,-0.03499508101899658,-0.0538630847082053,1.4
volume_confirmed_mom_10,10,no_max_holding,,5.0,left_tail,515030,stop_loss,2,-0.05684030149987507,-0.02932123788201813,2.0
volume_confirmed_mom_10,10,no_max_holding,,5.0,left_tail,515220,rank_exit,4,-0.03283681451451009,-0.04423615796431706,3.5
volume_confirmed_mom_10,10,no_max_holding,,5.0,left_tail,515220,signal_nonpositive,19,-0.07709474081132543,-0.5263712574384025,3.1578947368421053
volume_confirmed_mom_10,10,no_max_holding,,5.0,left_tail,515790,signal_nonpositive,12,-0.035452510910998,-0.13391129975819543,1.8333333333333333
volume_confirmed_mom_10,10,no_max_holding,,5.0,left_tail,515790,stop_loss,3,-0.06220156703205023,-0.07519770453343655,2.6666666666666665
volume_confirmed_mom_10,10,no_max_holding,,5.0,left_tail,588000,rank_exit,1,-0.04857095261892853,-0.01576793993835842,1.0
volume_confirmed_mom_10,10,no_max_holding,,5.0,left_tail,588000,signal_nonpositive,4,-0.04478472842894816,-0.05218048303059155,2.75
volume_confirmed_mom_10,10,no_max_holding,,5.0,left_tail,588000,stop_loss,1,-0.12368377214901324,-0.03928856709636592,3.0
volume_confirmed_mom_10,10,no_max_holding,,5.0,right_tail,159915,rank_exit,2,0.0483593287897115,0.029142697428445673,4.0
volume_confirmed_mom_10,10,no_max_holding,,5.0,right_tail,159915,signal_nonpositive,8,0.058366787438967824,0.132149704211841,7.125
volume_confirmed_mom_10,10,no_max_holding,,5.0,right_tail,159928,rank_exit,7,0.06350843203804916,0.15281802259636776,4.285714285714286
volume_confirmed_mom_10,10,no_max_holding,,5.0,right_tail,159928,signal_nonpositive,8,0.05427579746531425,0.15767924849988382,8.5
volume_confirmed_mom_10,10,no_max_holding,,5.0,right_tail,510050,rank_exit,2,0.11178291782962267,0.07663066457995849,3.5
volume_confirmed_mom_10,10,no_max_holding,,5.0,right_tail,510050,signal_nonpositive,5,0.03814092260967214,0.06506243322073624,3.2
volume_confirmed_mom_10,10,no_max_holding,,5.0,right_tail,510300,rank_exit,3,0.08445598633461023,0.07584069608268532,8.0
volume_confirmed_mom_10,10,no_max_holding,,5.0,right_tail,510300,signal_nonpositive,4,0.029265053261529554,0.039392269451340334,3.0
volume_confirmed_mom_10,10,no_max_holding,,5.0,right_tail,510500,rank_exit,1,0.04406819146817564,0.009451398671415631,4.0
volume_confirmed_mom_10,10,no_max_holding,,5.0,right_tail,510880,rank_exit,2,0.03419145919691847,0.02476151026047113,2.0
volume_confirmed_mom_10,10,no_max_holding,,5.0,right_tail,510880,signal_nonpositive,10,0.04346784797436873,0.14728957785945712,4.2
volume_confirmed_mom_10,10,no_max_holding,,5.0,right_tail,512010,rank_exit,5,0.04813183233401371,0.08300268242053595,5.4
volume_confirmed_mom_10,10,no_max_holding,,5.0,right_tail,512010,signal_nonpositive,13,0.04866440794082739,0.2371123465137311,4.769230769230769
volume_confirmed_mom_10,10,no_max_holding,,5.0,right_tail,512100,rank_exit,3,0.044683090035413854,0.040173702250123774,4.333333333333333
volume_confirmed_mom_10,10,no_max_holding,,5.0,right_tail,512100,signal_nonpositive,2,0.039275993582156235,0.023417648451562585,1.5
volume_confirmed_mom_10,10,no_max_holding,,5.0,right_tail,512400,rank_exit,5,0.05059069650219026,0.08403062819258453,1.8
volume_confirmed_mom_10,10,no_max_holding,,5.0,right_tail,512400,signal_nonpositive,15,0.06743174125492499,0.32159303990229327,7.266666666666667
volume_confirmed_mom_10,10,no_max_holding,,5.0,right_tail,512660,rank_exit,9,0.06344414652826337,0.1849075631029092,6.444444444444445
volume_confirmed_mom_10,10,no_max_holding,,5.0,right_tail,512660,signal_nonpositive,11,0.04032985301673273,0.1451531723381389,3.8181818181818183
volume_confirmed_mom_10,10,no_max_holding,,5.0,right_tail,512760,rank_exit,5,0.044122022130750754,0.060999560371147524,2.6
volume_confirmed_mom_10,10,no_max_holding,,5.0,right_tail,512760,signal_nonpositive,22,0.06370743982030186,0.48621165525556925,7.045454545454546
volume_confirmed_mom_10,10,no_max_holding,,5.0,right_tail,512800,rank_exit,2,0.04526663787734477,0.03573741733929652,4.5
volume_confirmed_mom_10,10,no_max_holding,,5.0,right_tail,512800,signal_nonpositive,4,0.04356395239465362,0.062093407445945256,7.5
volume_confirmed_mom_10,10,no_max_holding,,5.0,right_tail,512880,rank_exit,7,0.10956260639126077,0.22291929204283123,4.285714285714286
volume_confirmed_mom_10,10,no_max_holding,,5.0,right_tail,512880,signal_nonpositive,9,0.0657361872156821,0.1803702157766754,4.444444444444445
volume_confirmed_mom_10,10,no_max_holding,,5.0,right_tail,515030,rank_exit,2,0.06530437299843961,0.05346641081759771,9.5
volume_confirmed_mom_10,10,no_max_holding,,5.0,right_tail,515030,signal_nonpositive,9,0.057760956361291194,0.17179657034666038,5.444444444444445
volume_confirmed_mom_10,10,no_max_holding,,5.0,right_tail,515220,rank_exit,1,0.05501921936228129,0.01261689937733404,2.0
volume_confirmed_mom_10,10,no_max_holding,,5.0,right_tail,515220,signal_nonpositive,11,0.05630442719079476,0.23906791184065418,5.636363636363637
volume_confirmed_mom_10,10,no_max_holding,,5.0,right_tail,515790,rank_exit,3,0.038833381426559455,0.0411540317645764,3.3333333333333335
volume_confirmed_mom_10,10,no_max_holding,,5.0,right_tail,515790,signal_nonpositive,10,0.05422121977333623,0.18154926672871685,4.5
volume_confirmed_mom_10,10,no_max_holding,,5.0,right_tail,588000,rank_exit,2,0.05904879711602597,0.036144110012310056,9.5
volume_confirmed_mom_10,10,no_max_holding,,5.0,right_tail,588000,signal_nonpositive,6,0.04220585463121055,0.10030085598547472,4.5
